category;business_id;name;url;cluster;;;;;
4312;10029122;Nivalan PuskutyÌ¦ Oy;www.nivalanpuskutyo.fi;0;;;;;
43291;10058118;KSPT-Insulation Oy;www.kspt.fi;0;;Method;Interactive clustering;;
4212;10078223;NRC Group Finland Oy;www.nrcgroup.fi;0;;Clustering algorithms;DBSCAN & K-means;;
4741;10086709;Multitronic Oy;www.multitronic.fi;0;;Data source;Front page - Finnish;;
5813;10087103;Mediatalo ESA Oy;www.mediataloesa.fi;0;;Pre-processor;Only nouns, compound splitting;;
4639;10187470;Haugen-Gruppen Oy;www.haugen-gruppen.fi;0;;Clustered;613;;
55209;10256798;Tobermore Oy;www.himoslomat.fi;0;;Not found;192;;
4631;10275606;VP-VihannespÌ¦rssi Oy;www.vihannesporssi.fi;0;;Clustered percentage;69 %;;
58141;10279578;EtelÌ_-Suomen Media Oy;www.lehtiyhtyma.fi;0;;;;;
8553;10336130;Ajovarma Oy;www.ajovarma.fi;0;;;;;
4651;10337491;Audico Systems Oy;www.audico.fi;0;;;;;
43999;10644889;Fineweld Oy;www.fineweld.fi;0;;;;;
4675;10666578;Aikolon Oy;www.aikolon.fi;0;;;;;
4665;10686536;Pa-Ri Materia Oy;www.pari.fi;0;;;;;
46732;10692864;INDEQ OY LTD;www.indeq.fi;0;;;;;
46521;10723253;Garmin Nordic Finland Oy;www.garmin.fi;0;;;;;
212;10777059;Santen Oy;www.santen.fi;0;;;;;
46691;10781496;Elgood Oy;www.elgood.fi;0;;;;;
601;10821726;Bauer Media Oy;www.bauermedia.fi;0;;;;;
56101;10823705;Select Service Partner Finland Oy;www.sspfinland.fi;0;;;;;
47199;10901953;Vaalimaan Kauppakartano Oy;www.rajamarket.fi;0;;;;;
6201;10912484;Digia Finland Oy;www.digia.com;0;;;;;
46742;10921399;Oy Lifa Air Ltd;www.lifa-air.com;0;;;;;
46741;10985544;SNA Europe (Finland) Oy;www.snaeurope.com;0;;;;;
46494;11038733;F-Musiikki Oy;www.f-musiikki.fi;0;;;;;
46909;11077193;Miraculos Oy;www.fourreasons.fi;0;;;;;
6311;11096941;Suomen PakkauskierrÌ_tys RINKI Oy;rinkiin.fi;0;;;;;
46699;14414028;Dunlop Hiflex Oy;www.dunlophiflex.fi;0;;;;;
55101;14465722;KÌ_mp Oy;wwww.hotelkamp.com;0;;;;;
4615;14555410;ABL Finland Oy;www.abl.fi;0;;;;;
4741;14563445;Verkkokauppa.com Oyj;www.verkkokauppa.com;0;;;;;
4222;14609167;Eltel Networks Pohjoinen Oy;www.eltelnetworks.com;0;;;;;
611;14756079;Telia Finland Oyj;www.sonera.fi;0;;;;;
46742;14858358;Geberit Oy;www.geberit.fi;0;;;;;
4212;15087188;Destia Rail Oy;www.destia.fi/rata;0;;;;;
46691;15093764;Oy Hedtec Ab;www.hedtec.fi;0;;;;;
4634;15145878;Pernod Ricard Finland Oy;www.pernod-ricard-finland.com;0;;;;;
43991;15237713;Nostolava-auto Jalo & Jalo Oy;www.jalojalo.fi;0;;;;;
5911;15406070;Moskito Television Oy;www.moskito.fi;0;;;;;
4666;15465169;Duell YhtiÌ¦t Oy;www.duellyhtiot.fi;0;;;;;
46389;15600738;Helsinki Foodstock Oy;www.foodstock.fi;0;;;;;
45311;15608449;Biltema Suomi Oy;www.biltema.fi;0;;;;;
46742;15715535;Oy Danfoss Ab;www.danfoss.fi;0;;;;;
46711;15774850;Kosan Gas Finland Oy;www.kosangas.fi;0;;;;;
56102;15793859;Kotipizza Oyj;www.kotipizza.fi;0;;;;;
6202;15901442;Wipro Limited, Suomen sivuliike;www.wipro.com;0;;;;;
4648;15944952;Oy Osk. Lindroos Ab;www.osk-lindroos.fi;0;;;;;
412;15979821;Lumon Invest Oy;www.lumon.fi;0;;;;;
47919;16117123;Oy Nordic Moneta Ab;www.suomenmoneta.fi;0;;;;;
4711;16157790;Lidl Suomi KommandiittiyhtiÌ¦;www.lidl.fi;0;;;;;
6499;16186276;Partnera Oyj;www.partnera.fi;0;;;;;
46711;16264908;Neste Markkinointi Oy;www.neste.fi;0;;;;;
5629;16331533;Finnair Kitchen Oy;www.finnair.fi;0;;;;;
412;16524140;Eriksson Bygg Ab;www.byggab.ax;0;;;;;
4639;16573700;Danone Finland Oy;www.danone.fi;0;;;;;
4775;17067842;Bodim Port Oy;www.thebodyshop.fi;0;;;;;
46734;17074452;Kirami Oy;www.kirami.fi;0;;;;;
58142;17087907;A-lehdet Oy;www.a-lehdet.fi;0;;;;;
6201;17101289;Gofore Oyj;www.gofore.com;0;;;;;
46491;17172327;Wulff Finland Oy;www.staples.fi;0;;;;;
412;17250209;Veljekset Nuutinen Oy;www.venue.fi;0;;;;;
47596;17257873;Arvolukko Oy;www.arvolukko.fi;0;;;;;
4663;17281638;Ojala Machine Oy;www.ojalamachine.com;0;;;;;
412;17282446;SRV Rakennus Oy;www.srv.fi;0;;;;;
47642;17476961;JyvÌ_s-Marine Oy;www.marine.fi;0;;;;;
291;17495599;Oy Sisu Auto Ab;www.sisuauto.com;0;;;;;
4741;17571846;Polar Electro Finland Oy;www.polar.com;0;;;;;
47763;17605997;Plantagen Finland Oy;www.plantagen.fi;0;;;;;
2712;17625189;Harju Elekter Oy;www.satmatic.fi;0;;;;;
46389;17692031;Elintarviketukku Rikainen Oy;www.rikainen.com;0;;;;;
71127;17894629;Ledil Oy;www.ledil.com;0;;;;;
46699;18112983;Loomis Value Solutions Oy;www.loomis.fi;0;;;;;
46742;18191538;Ahlsell Oy;www.ahlsell.fi;0;;;;;
86102;18445593;Tutoris Oy;www.tutoris.fi;0;;;;;
46691;18533868;Kyrel Oy;www.kyrel.fi;0;;;;;
47521;18535062;MR Rauta Oy;www.k-rautamalmi.fi;0;;;;;
6311;18540515;Arek Oy;www.arek.fi;0;;;;;
411;18643960;Antepel Oy;www.antepel.fi;0;;;;;
4311;18688106;Purkupiha Oy;www.purkupiha.fi;0;;;;;
4663;18842038;Liebherr-Finland Oy Ab;www.liebherr.fi;0;;;;;
43999;18922572;RKM Group Oy;www.rkmgroup.fi;0;;;;;
46699;18939884;Jungheinrich Lift Truck Oy;www.jungheinrich.fi;0;;;;;
4322;18996061;Lahden LVI-Talo Oy;www.lvi-talo.fi;0;;;;;
43342;19055140;Lumon Suomi Oy;www.lumon.fi;0;;;;;
46499;19072979;Glitter Oy;www.glitter.fi;0;;;;;
4675;19084427;Oy Chemec Ab;www.chemec.fi;0;;;;;
6202;19125401;Moonsoft Oy;www.Moonsoft.fi;0;;;;;
4774;19364461;Optomed Oyj;www.optomed.fi;0;;;;;
45311;19432508;Skuba Suomi Oy;www.skuba.fi;0;;;;;
45321;19446061;TAVO Oy;www.tavo.fi;0;;;;;
46699;19561158;Toyota Material Handling Finland Oy;www.toyota-forklifts.fi;0;;;;;
46499;19587817;Proviter Oy;www.proviter.fi;0;;;;;
4799;19628156;Pelican Rouge Coffee Solutions Oy;www.pelicanrouge.fi;0;;;;;
4774;19794496;Walki Medical Oy;www.walkimedical.fi;0;;;;;
56101;19941468;NP City Group Oy;www.npg.fi;0;;;;;
6201;20045687;Mezzoforte Oy;www.mezzoforte.fi;0;;;;;
46491;20227501;SaFe TyÌ¦suojelutarvike Oy;www.safe.fi;0;;;;;
68310;20333371;Holiday Club Resorts Oy;www.holidayclub.fi;0;;;;;
47301;20405582;Restel Liikenneasemat Oy;www.restel.fi;0;;;;;
47292;20609104;Life Finland Oy;www.life.fi;0;;;;;
47641;20660591;Scandinavian Outdoor Oy;www.scandinavianoutdoorstore.com;0;;;;;
46381;20706764;LerÌüy Finland Oy;www.jokisenevaat.fi;0;;;;;
8553;20763013;Duolog Oy;www.duolog.fi;0;;;;;
6311;20812129;Enfo Oyj;www.enfo.fi;0;;;;;
6201;20816875;Visma Tampuuri Oy;www.tampuuri.fi;0;;;;;
4742;20857917;Huippu Group Oy;www.huippustore.fi;0;;;;;
47111;20894443;Herkkuruletti Oy;www.kesko.fi;0;;;;;
47913;21015869;KÌ_rkkÌ_inen Web Oy;www.karkkainen.com;0;;;;;
46499;21031578;EasyZone Oy;www.easyzone.fi;0;;;;;
47591;21117558;VepsÌ_lÌ_inen Oy;www.vepsalainen.com;0;;;;;
45112;21226180;Autoliike Kymppi Plus Oy;www.10plus.fi;0;;;;;
4661;21326720;Belor Agro Oy;www.beloragro.fi;0;;;;;
412;21336187;Jalon Group Oy;www.jalon.fi;0;;;;;
45191;21387718;VDL Bus & Coach Finland Oy;www.vdlbuscoach.com/fi;0;;;;;
46692;21439063;Sintrol Oy;www.sintrol.com;0;;;;;
46733;21530721;Esko Leppinen Oy;www.eskoleppinenoy.fi;0;;;;;
56101;21963578;JH-Ravintolat Oy;www.panchovilla.fi;0;;;;;
45192;22113815;Pro-Caravan Finland Oy;www.procaravan.fi;0;;;;;
43291;22127790;Kaefer Oy;www.kaefer.fi;0;;;;;
85599;22166482;KK Valmennuskeskus Oy;www.valmennuskeskus.fi;0;;;;;
43291;22338651;Eupart Oy;www.eupart.fi;0;;;;;
4634;22399649;Nordic Cellars Oy;www.nordiccellars.com;0;;;;;
46442;22467728;VeliMark Oy;www.velimark.fi;0;;;;;
46741;22768678;Savo Design & Technic Oy;www.savo.fi;0;;;;;
46741;22875182;ProMart Oy;www.promart.fi;0;;;;;
6202;22926330;Istekki Oy;www.istekki.fi;0;;;;;
46699;23055805;Suomen Kulutusosa Oy;www.suomenkulutusosa.fi;0;;;;;
16231;23094003;Salvos Finland Oy;www.salvos.fi;0;;;;;
274;23119581;Greenled Oy;www.greenled.fi;0;;;;;
6201;23273271;Vastuu Group Oy;www.vastuugroup.fi;0;;;;;
47292;23421641;Suomen Terveysravinto Oy;www.suomenterveysravinto.fi;0;;;;;
4639;23495229;Skyr Finland Oy;www.skyr.fi;0;;;;;
4322;23509248;Rekolan Putki Oy;www.rekolanputki.fi;0;;;;;
45112;23627033;Greenline Cars Oy;www.autotalotampere.fi;0;;;;;
4661;23636423;NHKdairy Oy;www.nhk.fi;0;;;;;
6399;23756900;GoGolf Oy;www.gogolf.fi;0;;;;;
2312;23786704;Best Glass Oy;www.bestglass.fi;0;;;;;
4391;23796996;TPE Turun Pelti ja Eristys Oy;www.tpe.fi;0;;;;;
46739;23871781;Nicewood Oy;www.nicewood.fi;0;;;;;
6619;23891838;S-Business Oy;www.s-business.fi;0;;;;;
45312;23907107;NDI Finland Oy;www.ndi.fi;0;;;;;
856;23998942;Omapaja Oy;www.omapaja.fi;0;;;;;
46462;24123953;Haltija Group Oy;www.haltija.fi;0;;;;;
47763;24262240;PirilÌ_n Kukkatalo Oy;www.kukkatalo.fi;0;;;;;
4676;24305335;UPM Sales Oy;www.upm.fi;0;;;;;
4211;24344270;Kuntec Oy;www.kuntec.fi;0;;;;;
46741;24463966;TOOLS Finland Oy;www.tools.fi;0;;;;;
46739;24535114;Vantaan Kiinnike ja Rak Oy;www.vantaankiinnike.fi;0;;;;;
6201;24551800;Routa Markkinointi Oy;www.markkinointirouta.fi;0;;;;;
55101;24586632;Hullu Poro Oy;www.hulluporo.fi;0;;;;;
42991;24679310;KFS Finland Oy;www.kfs.fi;0;;;;;
46462;24743538;Suomen MediTuote Oy;www.medituote.fi;0;;;;;
4725;24745912;Red Bull Finland Oy;www.redbull.fi;0;;;;;
4322;24876613;MV-JÌ_Ì_hdytys Oy;www.mv-jaahdytys.fi;0;;;;;
8291;24950377;Ropo Capital Oy;www.ropocapital.fi;0;;;;;
47529;24961500;Fenestra Suomi Oy;www.fenestra.fi;0;;;;;
45312;24964023;vannetukku.fi Oy;www.vannetukku.fi;0;;;;;
4211;25010811;Asfalttikallio Oy;www.asfalttikallio.fi;0;;;;;
46692;25119868;Dayton Oy;www.dayton.fi;0;;;;;
41200;25511069;Recover Nordic Oy;www.recovernordic.fi;0;;;;;
46421;25555117;Holmberg Brands Oy;www.agholmberg.com;0;;;;;
45112;25573403;Oy Autocarrera Ab;www.porsche.fi;0;;;;;
4222;25576209;ABO Wind Oy;www.abo-wind.fi;0;;;;;
6202;25590211;Talenom Software OY;www.talenom.fi;0;;;;;
45311;25667303;Relais Group Oyj;www.relais.fi;0;;;;;
411;25674773;Arjasmaa YhtiÌ¦t Oy;www.arjasmaa.fi;0;;;;;
46441;25701102;E. AhlstrÌ¦m Oy;www.eahlstrom.fi;0;;;;;
4322;26073857;Cervi Talotekniikka Oy;www.cervi.fi;0;;;;;
411;26179125;Mestarinikkarit Oy;www.nikkarit.fi;0;;;;;
1012;26197657;Tilgmann Oy Ab;www.tilgmann.fi;0;;;;;
46189;26363248;Toyrock Oy;www.toyrock.fi;0;;;;;
45112;26609615;X Import Finland Oy;www.xbil.fi;0;;;;;
46691;26722466;Endress+Hauser Oy;www.fi.endress.com;0;;;;;
412;26792341;A-Perustus Oy;www.aperustus.fi;0;;;;;
46699;26817166;Epta Suomi Oy;www.epta.fi;0;;;;;
47642;26837028;Boat Store Finland Oy;www.boatstore.fi;0;;;;;
4312;26934629;Lotus Demolition Oy;www.lotusdemolition.fi;0;;;;;
6202;26999895;Oy Apotti Ab;www.apotti.fi;0;;;;;
45311;27030517;ALCAR Finland Oy;www.alcar-wheels.fi;0;;;;;
4799;27147758;Expedit Finland Oy;www.expedit.fi;0;;;;;
47919;27183628;Cocopanda.fi Oy Ab;www.cocopanda.fi;0;;;;;
4639;27256081;LantmÌ_nnen Cerealia Oy;www.lantmannencerealia.com/fi/;0;;;;;
612;27586873;Moi Mobiili Oy;moi.fi;0;;;;;
5629;27759391;Polkka - Pohjois-Karjalan tukipalvelut oy;www.polkkaoy.fi;0;;;;;
16231;28210667;Kastelli-talot Oy;www.kastelli.fi;0;;;;;
4799;28366127;Ruokaboksi Finland Oy;www.ruokaboksi.fi;0;;;;;
412;28517351;Kastelli Group Oy;www.kastelli.fi;0;;;;;
412;28837769;Jalon Uusimaa Oy;www.jalon.fi;0;;;;;
6203;29451104;MeidÌ_n IT ja talous Oy;www.meita.fi;0;;;;;
(null);29524633;Oy Rabbit Films LTD;www.rabbitfilms.com;0;;;;;
4212;29985069;Sweco Infra & Rail Oy;www.sweco.fi;0;;;;;
4661;92104789;Ojan Rauta Oy;www.ojanrauta.fi;0;;;;;
45112;10196588;Toyota Autotalot Oy;www.toyotaautotalot.fi;1;;;;;
45111;10196705;Toyota Auto Finland Oy;www.toyota.fi;1;;;;;
45112;10294487;HÌ_meen Autovaruste Oy;www.hameenautovaruste.fi;1;;;;;
45111;10683829;Auto-Bon Oy;www.citroen.fi;1;;;;;
45112;10715288;Vihdin Autotalo Oy;www.vihdinautotalo.fi;1;;;;;
45112;10938123;Autokeskus Oy;www.autokeskus.fi;1;;;;;
45322;10953788;BestDrive Finland Oy;www.rengasmaailma.fi;1;;;;;
45112;11037239;Oy Neo Mobil Ab;www.specialmobil.fi;1;;;;;
45322;14630134;Vianor Oy;www.vianor.fi;1;;;;;
45201;15136648;Raskone Oy;www.raskone.fi;1;;;;;
45112;15805901;Oy MB-Mobile Ab;www.mb-mobile.fi;1;;;;;
45112;15895433;Auto-Suni Oy;www.auto-suni.fi;1;;;;;
45111;16337337;Hyundai Motor Finland Oy;www.hyundai.fi;1;;;;;
45112;16339244;Autotalo JÌ_rvi Oy;www.autotalojarvi.fi;1;;;;;
45112;16370727;Autosalpa Oy;www.autosalpa.fi;1;;;;;
45112;17365743;JÌ_rvenpÌ_Ì_n Auto-Arita Oy;www.autoarita.fi;1;;;;;
45112;17895648;Tampereen Autocenter Oy;www.autocenter.fi;1;;;;;
45112;17995024;Keskusautohalli Oy;www.keskusautohalli.fi;1;;;;;
45112;18146059;Wetteri Oy;www.wetteri.fi;1;;;;;
45192;18242577;BEST-CARAVAN OY;www.best-caravan.fi;1;;;;;
45112;18301864;GABRIN OY;www.gt-auto.fi;1;;;;;
45112;18406471;Bayerncar Oy;www.bayerncar.com;1;;;;;
45112;19001900;K Auto Retail Oy;www.vv-auto.fi;1;;;;;
45202;19456913;Lapin Kumi Oy;www.lapinkumi.fi;1;;;;;
45112;19627321;Rami's Coffee Oy;www.ramisauto.com;1;;;;;
45192;20043083;Caravanlandia Oy;www.caravanlandia.fi;1;;;;;
45112;20456080;Jarmo Rinta-Jouppi Oy;www.rintajouppi.fi;1;;;;;
45112;20469332;PÌ¦rhÌ¦n Autoliike Oy;www.porho.fi;1;;;;;
45112;20469906;Auto-Kilta Oy;www.auto-kilta.fi;1;;;;;
45191;20469922;Auto-Kilta Trucks Oy;www.auto-kilta.fi;1;;;;;
45112;20810887;Veljekset Laakkonen Oy;www.laakkonen.fi;1;;;;;
45112;20993425;Salon Passeliauto Oy;www.passeliauto.com;1;;;;;
45321;21738135;Autovaraosa Fixus Oy;www.fixus.fi;1;;;;;
45112;22026199;HJ-Autotalot Oy;hj-autotalo.com;1;;;;;
45112;22128806;Oy Autoliike Nystedt BilaffÌ_r Ab;www.nystedt.fi;1;;;;;
45112;22249501;Toyota Tsusho Nordic Oy;www.ttnordic.fi;1;;;;;
45201;22256752;Autoklinikka-yhtiÌ¦t Oy;www.autoklinikka.fi;1;;;;;
45191;22399809;Nordic Truckcenter Oy;www.nordictruckcenter.com/fi/;1;;;;;
45112;22998131;Novoset Oy;www.novoset.fi;1;;;;;
45112;23114035;Vaunula Oy;www.vaunula.com;1;;;;;
45111;23456270;Nordic Automotive Services Oy;www.renault.fi;1;;;;;
45191;23714436;Iveco Finland Oy;www.iveco.fi;1;;;;;
45112;23715498;AutolÌ_hde Oy;www.autolahde.fi;1;;;;;
45201;23988314;Suomen Autohuolto Oy;www.suomenautohuolto.fi;1;;;;;
45112;24117852;Autotalo Leppiniemi oy;www.leppiniemi.com;1;;;;;
45112;24423833;Auto-Huiput Oy;autohuiput.fi;1;;;;;
45192;24946984;Helsinki Caravan Oy;www.helsinkicaravan.fi;1;;;;;
45112;25589624;Autoliike PalomÌ_ki Oy;www.autoliikepalomaki.fi;1;;;;;
45311;25840524;DEFA Oy;www.defa.com/fi;1;;;;;
45112;26443838;MS-Auto Oy;www.ms-auto.fi;1;;;;;
45201;26533278;Alppilan Autohuolto Oy;www.alppilanautohuolto.fi;1;;;;;
45112;26604793;AutomyymÌ_lÌ_ Helsinki Oy;www.autoverkkokauppa.fi;1;;;;;
45112;26715645;Arita Espoo Oy;www.catamount.fi;1;;;;;
45201;26895359;Bemax Oy;www.vaihtoautomaa.com;1;;;;;
45112;27179063;Bilar99e Oy;www.bilar99e.fi;1;;;;;
45112;28932491;Vaihtokaara Oy;www.vaihtokaara.fi;1;;;;;
45112;29583086;Auto Nordic Oy;www.autonordic.fi;1;;;;;
45112;92101035;E. Hartikainen Oy;www.hartikainen.com;1;;;;;
45112;92101457;Kuopion Autokauppa Oy;www.kuopionautokauppa.fi;1;;;;;
56101;10061368;Suomen Ravintolatoimi Oy;www.noho.fi;2;;;;;
56101;19524947;NoHo Partners Oyj;www.restamax.fi;2;;;;;
56101;22900667;Sushi World Oy;www.noho.fi;2;;;;;
56101;24415163;RR Holding Oy;www.noho.fi;2;;;;;
56101;26302023;Royal Konseptiravintolat Oy;www.noho.fi;2;;;;;
412;10001242;Oulun Rakennusteho Oy;www.rakennusteho.fi;3;;;;;
412;10671756;Rakennuspalvelu Jopera Oy;www.jopera.fi;3;;;;;
412;10852055;Westpro cc Oy;www.westpro.fi;3;;;;;
412;15093748;Peab Oy;www.peab.fi;3;;;;;
412;15655835;YIT Suomi Oy;www.yit.fi;3;;;;;
411;17663345;Pirkanmaan Avo-Asunnot Oy;www.avoasunnot.fi;3;;;;;
412;17692015;Rave Rakennus Oy;www.raverakennus.fi;3;;;;;
68209;17730229;Annehem Invest Oy;www.peab.fi;3;;;;;
412;17734043;Fira Group Oy;www.fira.fi;3;;;;;
412;17774301;KUMONI Oy;www.kumoni.fi;3;;;;;
4332;18848253;Master YhtiÌ¦t Oy;www.masteryhtiot.fi;3;;;;;
412;19240039;Uudenmaan Mestari-Rakentajat Oy;www.umr.fi;3;;;;;
412;19772705;Rakennusteho Group Oy;www.rakennusteho.fi;3;;;;;
68209;20247668;Foudia Housing Oy;www.foudia.fi;3;;;;;
412;20340416;Lehto Tilat Oy;www.lehto.fi;3;;;;;
411;20473761;Newil and Bau Oy;newilbau.fi;3;;;;;
412;20583477;MVR-YhtymÌ_ Oy;www.mvr-yhtyma.fi;3;;;;;
701;21484593;Sikla Oy;www.sikla.fi;3;;;;;
412;21618459;Rakennusliike Tikirak Oy;www.tikirak.fi;3;;;;;
412;22449036;Jatke Oy;www.jatke.fi;3;;;;;
412;22809935;Rakennuspalvelu Kokko Oy;www.rakennuspalvelukokko.fi;3;;;;;
411;23087882;Avain YhtiÌ¦t Oy;www.avainasunnot.fi;3;;;;;
412;23214570;EKE-Rakennus Oy;www.eke.fi;3;;;;;
412;23411929;Visura Oy;www.visura.fi;3;;;;;
412;23482612;FinCap KiinteistÌ¦kehitys Oy;www.fincap.fi;3;;;;;
412;23583739;Rakennusliike EvÌ_lahti Uusimaa Oy;www.evalahti.com;3;;;;;
412;23820036;Sievi Group Oy;www.sievitalo.fi;3;;;;;
412;23993455;Rakennus-Kaseva Oy;www.rakennus-kaseva.fi;3;;;;;
411;24034053;Settle Oy;www.settle.fi;3;;;;;
412;24333491;Hirvensalon Talonrakennus Oy;www.hirvensalontalonrakennus.fi;3;;;;;
412;24690966;Jatke Uusimaa Oy;www.jatke.fi;3;;;;;
412;24793092;Nastarakennus Oy;www.nastarakennus.fi;3;;;;;
412;25333565;Saagatalot Oy;www.sikla.fi;3;;;;;
412;25927486;T2H Rakennus Oy;www.t2h.fi;3;;;;;
412;26298095;Jatke Julkisivut Oy;www.jatke.fi;3;;;;;
411;26391847;GRADINA OY;www.gradina.fi;3;;;;;
16231;26545367;Deko-Talo Oy;www.dekotalo.fi;3;;;;;
412;26911654;VRP LÌ_nsi-Suomi Oy;www.vrp.fi;3;;;;;
412;26911697;VRP Keski-Suomi Oy;www.vrp.fi;3;;;;;
412;26911769;VRP EtelÌ_-Suomi Oy;www.vrp.fi;3;;;;;
412;27000238;Macra Oy;www.macra.fi;3;;;;;
412;27061735;T2H Pirkanmaa Oy;www.t2h.fi;3;;;;;
412;27114761;FinCap Pohjanmaa Oy;www.pallasrakennus.fi;3;;;;;
411;27183126;Efika Oy;www.efika.fi;3;;;;;
412;27261358;Master Kodit Oy;www.masterkodit.fi;3;;;;;
412;27267143;Bonava Suomi Oy;www.bonava.fi;3;;;;;
412;27385991;Pallas Rakennus Lappi Oy;www.pallasrakennus.fi;3;;;;;
412;27524728;Pallas Rakennus Kaakkois-Suomi Oy;www.pallasrakennus.fi;3;;;;;
41100;27641393;Fira Oy;www.fira.fi;3;;;;;
412;27868088;Jatke LÌ_nsi-Suomi Oy;www.jatke.fi;3;;;;;
411;28306888;Tencon Oy;www.avainasunnot.fi;3;;;;;
412;28379681;Rakennusliike Vahva Oy;www.rakennusliikevahva.fi;3;;;;;
6201;28390274;Homerun Technologies Oy;www.kodit.io;3;;;;;
412;28517378;Lapti Group Oy;www.lapti.fi;3;;;;;
412;29510864;Jatke Pirkanmaa Oy;www.jatke.fi;3;;;;;
411;29535949;Asuntoneuvoja Uudistuotanto Oy;www.asuntoneuvoja.fi;3;;;;;
4211;29775512;Peab Industri Oy;www.peab.fi;3;;;;;
412;29881315;Sievitalo Oy;www.sievitalo.fi;3;;;;;
412;29881286;Sievi Asunnot Oy;www.sieviasunnot.fi;3;;;;;
412;29940207;Tikirak Group Oy;www.tikirak.fi;3;;;;;
412;30209841;Arkta Rakennuskultti Oy;www.arkta.fi;3;;;;;
411;31015205;Settle Group Oy;www.settle.fi;3;;;;;
43120;10026183;UM YhtiÌ¦t Oy;www.umyhtiot.fi;4;;;;;
412;10113957;Temotek Oy;www.temotek.fi;4;;;;;
4211;10165888;Lohirannantien Maanrakennus Oy;www.lmroy.fi;4;;;;;
412;10385354;Rakennus- ja InsinÌ¦Ì¦ritoimisto Tricon Oy;www.tricon.fi;4;;;;;
412;10386947;Rakennus Oy Antti J. Ahola;www.rakennusajahola.fi;4;;;;;
412;10496126;Ojarannan Rakennus Oy;www.ojaranta.fi;4;;;;;
412;10652299;Rakennus-Arolin Oy;www.rakennus-arolin.fi;4;;;;;
412;10667343;RakennustyÌ¦t Ville Kauppi Oy;www.villerakentaa.fi;4;;;;;
813;10669015;Viherpalvelut HyvÌ¦nen Oy;www.viherpalveluthyvonen.fi;4;;;;;
412;10960160;ASPRO OY;www.aspro.fi;4;;;;;
412;11064114;Rakennus Miilukangas Oy;www.rakennusmiilukangas.fi;4;;;;;
4312;15327268;SundstrÌ¦m Ab, Oy Entreprenad;www.sundstroms.fi;4;;;;;
412;16072746;Teijo-Talot Oy;www.teijotalot.fi;4;;;;;
412;16321554;Rakennusliike Karjaluoto Oy;www.karjaluoto.fi;4;;;;;
4322;16377048;Star Expert Oy;www.starexpert.fi;4;;;;;
412;17149485;Rakennus K. Karhu Oy;www.rakennuskarhu.fi;4;;;;;
412;17332511;RakennuspetÌ_jÌ_ Oy;www.rakennuspetaja.fi;4;;;;;
412;17390412;Potius Oy;www.potius.fi;4;;;;;
412;17496612;Rakennustoimisto Lainio & Laivoranta Oy;www.lainio-laivoranta.com;4;;;;;
4312;17621006;Recset Oy;www.recset.fi;4;;;;;
412;17655142;NCC Suomi Oy;www.ncc.fi;4;;;;;
4211;17655150;NCC Industry Oy;www.ncc.fi;4;;;;;
411;17655193;NCC Property Development Oy;www.ncc.fi;4;;;;;
412;17721605;WasaCon Oy;www.wasacon.fi;4;;;;;
412;17724339;Skanska Talonrakennus Oy;www.skanska.fi;4;;;;;
412;18016422;Aki HyrkkÌ¦nen Oy;www.ah-oy.fi;4;;;;;
412;18419360;Rakennusliike Jusmar Oy;www.jusmar.fi;4;;;;;
43999;18693765;Betomik Oy;www.betomik.fi;4;;;;;
412;19153584;Rakennus Finrem Oy;www.finrem.fi;4;;;;;
412;19285683;Pirkanmaan Mestari-Rakentajat Oy;www.prm.fi;4;;;;;
412;19364357;Mexipal Oy;www.mexipal.fi;4;;;;;
412;19749679;Rakennus-Avant Oy;www.rakennusavant.fi;4;;;;;
412;20261873;Porvoon Paalurakenne Oy;www.ppr.fi;4;;;;;
412;20264732;Kansallisholding Oy;www.htj.fi;4;;;;;
4321;20977118;Arina Trio Oy;www.arinatrio.fi;4;;;;;
4321;21048732;Electric Power Finland Oy;www.epf.fi;4;;;;;
412;21168523;ADAK YhtiÌ¦t Oy;www.laudoitus.fi;4;;;;;
412;21622335;Temotek Palvelut Oy;www.temotek.fi;4;;;;;
412;21694179;Rakennustoimisto Albi Oy;www.albi.fi;4;;;;;
412;21723160;Rakennus Auvinen Oy;www.rakennusauvinen.fi;4;;;;;
43999;21845766;ME-Perustukset Oy;www.me-perustukset.fi;4;;;;;
412;22095389;Rakennus MAN Oy;www.rakennusman.fi;4;;;;;
4322;22181690;KVL-Tekniikka Oy;www.kvl-tekniikka.fi;4;;;;;
412;22422773;RESTOK OY;www.restok.fi;4;;;;;
412;22679659;Rouvari Oy;www.rouvari.fi;4;;;;;
412;23098143;TSV-RAKENNUS OY;www.tsvrakennus.fi;4;;;;;
43341;23143880;Pitomaalaus Oy;www.pitomaalaus.fi;4;;;;;
412;23240760;Rakennusurakointi S. Tikakoski Oy;www.tikakoski.fi;4;;;;;
46742;23295833;Firecon Group Oy;www.firecon.fi;4;;;;;
412;23393660;Proinfra Oy;www.proinfra.fi;4;;;;;
43341;23401800;LTU Asunnot Oy;www.ltu.fi;4;;;;;
412;23812351;Rakennusliike Pakkanen Oy;www.rakennusliikepakkanen.fi;4;;;;;
4322;23916310;LVI-neloset Oy;www.lvineloset.fi;4;;;;;
43999;24079315;Oma Rakennus Oy;www.omarakennus.fi;4;;;;;
4312;24175577;NHP-YhtymÌ_ Oy;www.nhp.fi;4;;;;;
52221;24410207;Prorata Oy;www.satamapalvelu.fi;4;;;;;
412;24450751;Pakrak Oy;www.pakrak.fi;4;;;;;
412;24473961;RKC Construction Oy;www.rovakate.fi;4;;;;;
412;24848938;RakennustyÌ¦ Salminen Oy;www.rakennustyo.net;4;;;;;
412;25062857;Renevo Oy;www.renevo.fi;4;;;;;
411;25107226;SSA Group Oy;www.ssagroup.fi;4;;;;;
4312;25132616;Resolum Oy;www.resolum.fi;4;;;;;
412;25399425;Pohjola Rakennus Oy Suomi;www.pohjolarakennus.fi;4;;;;;
412;25530315;Finem Oy;www.finem.fi;4;;;;;
43999;26072547;Perustava Oy;www.perustava.fi;4;;;;;
4221;26334455;TEH-YhtiÌ¦t Oy;tehsaneeraus.fi;4;;;;;
42991;26647312;Erikoisinfra Oy;www.erikoisinfra.fi;4;;;;;
412;27031317;R4 Korjausurakointi Oy;www.r4.fi;4;;;;;
46909;27295603;Muotolevy Rakennustuotteet Oy;www.muotolevy.fi;4;;;;;
412;27365034;Rakennus-neloset Oy;www.rakennusneloset.fi;4;;;;;
412;27454475;Hovako Oy;www.hovako.fi;4;;;;;
412;27678452;SAKELA RAKENNUS OY;www.sakelarakennus.fi;4;;;;;
4312;27861126;RTA-YHTIÌÐT OY;www.rta-yhtiot.fi;4;;;;;
4222;28198741;Suvic Oy;www.suvic.fi;4;;;;;
4322;28247507;Movitek Oy;www.movitek.fi;4;;;;;
4312;92103145;Ab Tallqvist Oy;www.tallqvist.fi;4;;;;;
8542;10065502;JyvÌ_skylÌ_n Ammattikorkeakoulu Oy;www.jamk.fi;5;;;;;
8542;10154281;Tampereen ammattikorkeakoulu Oy;www.tuni.fi;5;;;;;
8542;14747631;Suomen Humanistinen Ammattikorkeakoulu Oy;www.humak.fi;5;;;;;
85592;17436302;Tieturi Oy;www.tieturi.fi;5;;;;;
8542;20291888;Haaga-Helia ammattikorkeakoulu Oy;www.haaga-helia.fi;5;;;;;
8542;20945511;Metropolia Ammattikorkeakoulu Oy;www.metropolia.fi;5;;;;;
8532;21625763;Helsinki Business College Oy;www.bc.fi;5;;;;;
8532;22450184;LÌ_nsirannikon Koulutus Oy;www.winnova.fi;5;;;;;
8532;22493176;EtelÌ_-Savon Koulutus Oy;www.esedu.fi;5;;;;;
8542;23889244;Satakunnan ammattikorkeakoulu Oy;www.samk.fi;5;;;;;
46699;24464184;Skydda Suomi Oy;www.skydda.fi;5;;;;;
8542;24543771;Karelia Ammattikorkeakoulu Oy;www.karelia.fi;5;;;;;
8542;25281603;Turun ammattikorkeakoulu Oy;www.turkuamk.fi;5;;;;;
8542;25397673;SeinÌ_joen Ammattikorkeakoulu Oy;www.seamk.fi;5;;;;;
8542;25536004;Kajaanin Ammattikorkeakoulu Oy;www.kamk.fi;5;;;;;
8542;26174893;HÌ_meen ammattikorkeakoulu Oy;www.hamk.fi;5;;;;;
8542;26294633;Savonia-ammattikorkeakoulu oy;www.savonia.fi;5;;;;;
8532;27342019;Perho Liiketalousopisto Oy;www.perho.fi;5;;;;;
8532;27567867;Suomen Diakoniaopisto - SDO Oy;www.sdo.fi;5;;;;;
8532;28110922;Ammattiopisto Spesia Oy;www.spesia.fi;5;;;;;
856;29182987;Careeria Oy;www.careeria.fi;5;;;;;
4321;15525571;Ellappi Oy;www.ellappi.fi;6;;;;;
4222;16540271;KSS Rakennus Oy;www.kssenergia.fi;6;;;;;
4321;19103501;HSK SÌ_hkÌ¦ Oy;www.hsksahko.fi;6;;;;;
4222;19936642;Oy RAVERA Ab;www.ravera.fi;6;;;;;
4321;20249401;TelilÌ_n SÌ_hkÌ¦tyÌ¦ Oy;www.telila.fi;6;;;;;
46901;17100833;Rusta Finland Group Oy;www.hongkong.fi;7;;;;;
47199;17658917;Clas Ohlson Oy;www.clasohlson.fi;7;;;;;
47199;19284269;Tokmanni Oy;www.tokmanni.fi;7;;;;;
47199;24310812;Puuilo Tavaratalot Oy;www.puuilo.fi;7;;;;;
47919;28827907;Hobby Hall Suomi Oy;www.hobbyhall.fi;7;;;;;
4662;10322222;MTC Flextek Oy Ab;www.mtcflextek.fi;8;;;;;
4663;10495385;KH-Koneet Oy;www.kh-koneet.fi;8;;;;;
4663;10691618;Mateko Oy;www.mateko.fi;8;;;;;
46699;10823895;Oy Hako Ground & Garden Ab;www.hako.fi;8;;;;;
4754;10931562;Salon Kone ja Rauta Oy;www.skroy.com;8;;;;;
46692;14879669;Turun Konekeskus Group Oy;www.turunkonekeskus.fi;8;;;;;
46692;15238441;Mercamer Oy;www.mercamer.fi;8;;;;;
4661;15579270;Stokker Oy;www.stokker.fi;8;;;;;
46741;16519368;Makita Oy;www.makita.fi;8;;;;;
4661;17026952;Risto Kangas Oy;www.k-maatalous.fi;8;;;;;
4663;17218380;Konesilta Oy;www.konesilta.fi;8;;;;;
4663;17683637;Volvo Construction Equipment Finland Oy;www.volvoce.fi;8;;;;;
47529;19316734;TyÌ¦kalu ja Varaosa Oy Vantaa;www.ikh.fi;8;;;;;
4661;19413497;Pekka VÌ_li-Torala Oy;www.k-maatalous.fi;8;;;;;
4614;19612584;Multivac Oy;www.multivac.fi;8;;;;;
47521;20993396;Salon Rautaliike Oy;www.skroy.com;8;;;;;
45321;21503889;KL-Parts Oy;www.kl-varaosat.fi;8;;;;;
4661;21959843;V-P Tolonen Oy;www.lantmannenagro.fi;8;;;;;
4661;22173156;Pirkanmaan Maatalouskauppa Oy;www.lantmannenagro.fi;8;;;;;
46739;23289046;Edeco-Tools Oy;www.edeco.fi;8;;;;;
46699;23402109;Realmachinery Oy;www.realmachinery.fi;8;;;;;
4661;23957972;AGCO Suomi Oy;www.agcosuomi.fi;8;;;;;
4661;24517450;Arto Tervahauta Oy;www.lantmannenagro.fi/ilmajoki;8;;;;;
46901;28250618;LantmÌ_nnen Agro Oy;www.lantmannenagro.fi;8;;;;;
4663;28441588;KH-Koneet Group Oy;www.kh-koneet.fi;8;;;;;
56102;10729233;Perheravintola ÌãijÌ_lÌ_ Oy;www.mcdonalds.fi;9;;;;;
5629;16351083;Kymijoen Ravintopalvelut Oy;www.makunne.fi;9;;;;;
56102;17667995;Tampereen Perheravintolat Oy;www.mcdonalds.fi;9;;;;;
56102;20319676;Burger-In Oy;www.hesburger.fi;9;;;;;
4639;20646773;Oy Semper Ab;www.semper.fi;9;;;;;
5629;26537623;Palmia Oy;www.palmia.fi;9;;;;;
5629;28288958;PÌ_ijÌ_t-HÌ_meen Ateriapalvelut Oy;www.paijatateria.fi;9;;;;;
5629;29387042;Pirkanmaan Voimia Oy;www.voimia.fi;9;;;;;
55101;14479147;Scandic Hotels Oy;www.scandic-hotels.fi;10;;;;;
55101;18012616;Primehotels Oy;www.rantapuisto.fi;10;;;;;
55101;18887834;LIFESTYLE HOTELS FINLAND Oy;www.klauskhotel.com;10;;;;;
55101;20769765;GLO Hotellit Oy;www.glohotels.fi;10;;;;;
55101;21596755;Oy Union Hotels Ab;www.hotelhaven.fi;10;;;;;
55101;21997479;Lapland Hotels Oy;www.laplandhotels.com;10;;;;;
55101;22535604;North European Invest Oy;www.laplandhotels.fi;10;;;;;
46461;10264966;Paranova Oy;www.paranova.fi;11;;;;;
55101;15791570;Omena Hotellit Oy;www.omena.com;11;;;;;
856;19694727;Sofigate Business Technologies Oy;www.sofigate.com;11;;;;;
6202;21434406;Benemen Oy;www.benemen.com;11;;;;;
6201;25557606;Smartly.io Holding Oy;www.smartly.io;11;;;;;
4322;19895908;Ilmastointi Salminen Oy;www.ilmastointisalminen.fi;12;;;;;
4322;21537034;Calto Oy;www.calto.fi;12;;;;;
4322;26330868;Sarjametalli Talotekniikka Oy;www.sarjametalli.fi;12;;;;;
4322;29184974;Vehmasputki Oy;www.vehmasputki.fi;12;;;;;
8532;30083265;AEL-Amiedu Oy;www.taitotalo.fi;12;;;;;
46383;10738930;Best Friend Group Oy;www.bestfriendgroup.com;13;;;;;
47764;10838085;Musti ja Mirri Oy;www.mustijamirri.fi;13;;;;;
46383;19353148;Royal Canin Finland Oy;www.royalcanin.fi;13;;;;;
47764;23393177;Musti Group Nordic Oy;www.mustijamirri.fi;13;;;;;
46493;24221246;Alaska Brands Oy;www.alaskabrands.fi;13;;;;;
4222;10046205;Elvera Oy;www.elvera.fi;14;;;;;
43999;10164105;Tom Allen Senera Oy;www.tomallensenera.fi;14;;;;;
4311;10755212;Delete Finland Oy;www.delete.fi;14;;;;;
412;10938115;Rakennus Numera Oy;www.rakennusnumera.fi;14;;;;;
4391;15260550;Kymppi-Katto Oy;www.kymppi-katto.fi;14;;;;;
4322;15306379;R. A. Wickholm Oy;www.wickholm.fi;14;;;;;
16231;16421096;Kannustalo Oy;www.kannustalo.fi;14;;;;;
4322;16506006;Quattroservices International Operations Oy;www.quattroservices.fi;14;;;;;
46699;18247044;Viessmann KylmÌ_jÌ_rjestelmÌ_t Oy;www.viessmann.fi;14;;;;;
412;18325778;Muurametalot Oy;www.muurametalot.fi;14;;;;;
412;18602181;Oulun Remonttimylly Oy;www.remonttimylly.fi;14;;;;;
16239;18826249;Pihla Group Oy;www.pihla.fi;14;;;;;
4321;19128434;Terawatt Oy;www.terawatt.fi;14;;;;;
46742;19163918;HÌ¦gforsGST Oy;www.hogforsgst.fi;14;;;;;
2825;19196314;Chiller Oy;www.chiller.fi;14;;;;;
4322;19562898;Mikenti Talotekniikka Oy;www.mikenti.fi;14;;;;;
4322;20095190;Renoa Putkipalvelut Oy;www.kotisun.fi;14;;;;;
4322;20646183;Assemblin Oy;www.assemblin.fi;14;;;;;
4221;21181517;Rototec Oy;www.rototec.fi;14;;;;;
412;21367442;JokivÌ_ri Oy;www.jokivari.fi;14;;;;;
4322;21558070;LÌ_mpÌ¦YkkÌ¦nen Oy;www.lampoykkonen.fi;14;;;;;
4322;21558986;Renoa ViemÌ_ripalvelut Oy;www.kotisun.fi;14;;;;;
412;21808519;Senera Oy;www.senera.fi;14;;;;;
4322;21881724;TRP Group Oy;www.trpgroup.fi;14;;;;;
411;22107722;Vahanen Suunnittelupalvelut Oy;www.vahanen.com;14;;;;;
4391;22541086;Sadex Oy;www.sadex.fi;14;;;;;
4322;22958367;Suomen Talotekniikka Helsinki Oy;www.suomentalotekniikka.fi;14;;;;;
4311;23400453;Delete Oy;www.delete.fi;14;;;;;
4222;23554751;Oulun Energia Urakointi Oy;www.oulunenergia.fi;14;;;;;
4391;24041026;HÌ_meen Kattokeskus Oy;www.kattokeskus.fi;14;;;;;
4322;24562331;Putcon Oy;www.putcon.fi;14;;;;;
4322;25197946;Tatec Oy;www.tatec.fi;14;;;;;
2821;25288135;Thermia Finland Oy;www.thermia.fi;14;;;;;
432;25288741;Bravida Finland Oy;www.bravida.fi;14;;;;;
412;25316909;JÌ_rki-Saneeraus Oy;www.jarkisaneeraus.fi;14;;;;;
4322;25497076;LeaseGreen Suomi Oy;www.leasegreen.fi;14;;;;;
4322;25881449;LVI-Palvelu PitkÌ_lÌ_ Oy;www.lvipitkala.fi;14;;;;;
4222;25921252;EPV Teollisuusverkot Oy;www.epv.fi;14;;;;;
4322;26128045;Renoa Group Oy;www.kotisun.fi;14;;;;;
412;26298052;ESP Suomi Oy;www.espoy.fi;14;;;;;
4322;26500134;YIT Talon Tekniikka Oy;www.yit.fi/talontekniikka;14;;;;;
412;27125831;Suomen Saneeraustalo Oy;www.saneeraustalo.fi;14;;;;;
412;28288827;Broofing Oy;www.broofing.fi;14;;;;;
5629;28593653;TeeSe Botnia Oy Ab;www.teese.fi;14;;;;;
4322;29378904;Quattroservices Oy;www.quattroservices.fi;14;;;;;
46491;15463438;Lekolar-Printel Oy;www.printel.fi;15;;;;;
47591;18314964;Isku Koti Oy;www.isku.fi;15;;;;;
4665;18314972;Isku Interior Oy;www.isku.fi;15;;;;;
4665;20282674;Modeo Oy;www.modeo.fi;15;;;;;
47523;23678260;Sete Oy;www.sete.fi;15;;;;;
47591;15123329;Indoor Group Oy;www.indoorgroup.fi;16;;;;;
45311;23213236;Broman Logistics Oy;www.bromangroup.fi;16;;;;;
46412;25616258;Oy Vallila Collection Ab;www.vallilainterior.fi;16;;;;;
6201;15166513;Knowit Cloud Partnerships Oy;www.cybercom.fi;17;;;;;
6201;16455923;Loihde Analytics Oy;www.aureolis.com;17;;;;;
6201;18679437;Valamis Group Oy;www.arcusys.fi;17;;;;;
6201;19385975;Sympa Oy;www.sympa.fi;17;;;;;
6201;21130349;Vincit Oyj;www.vincit.fi;17;;;;;
6202;22501236;Efima Oy;www.efima.com;17;;;;;
6201;23046247;Fluido Oy;www.fluido.fi;17;;;;;
6201;28597953;2M-IT Oy;www.2m-it.fi;17;;;;;
6201;30945961;Knowit Solutions Oy;www.knowit.fi;17;;;;;
6201;10881462;Cloudia Oy;www.cloudia.fi;18;;;;;
46699;16457849;Geotrim Oy;www.geotrim.fi;18;;;;;
6209;18575451;DataCenter Group Oy;www.datacenter.fi;18;;;;;
6202;19352129;Elisa Santa Monica Oy;www.smn.fi;18;;;;;
6201;19718143;Eficode Oy;www.eficode.fi;18;;;;;
6202;20922272;Dream Broker Oy;www.dreambroker.fi;18;;;;;
6201;21766582;Vala Group Oy;www.valagroup.com/fi/;18;;;;;
46432;21810758;TV Tools Oy;www.tvtools.fi;18;;;;;
6202;23699838;Kaakkois-Suomen Tieto Oy;www.kaakkoissuomentieto.fi;18;;;;;
6203;23957681;mcare Group Oy;www.mcare.fi;18;;;;;
4651;25788527;Klinkmann Oy;www.klinkmann.fi;18;;;;;
6202;27203182;Valtti Kumppanit Oy;www.valtti.com;18;;;;;
6203;27688466;Chilit Oy;www.chilit.fi;18;;;;;
4741;27688474;Chilit Group Oy;www.chilit.fi;18;;;;;
4651;30091118;Marski Data Oy;www.marskidata.fi;18;;;;;
47913;14421316;Ellos Finland Oy;www.ellos.fi;19;;;;;
47712;15877307;Dressmann Oy Ab;www.dressmann.fi;19;;;;;
46421;21095571;BlÌ´klÌ_der Oy;www.blaklader.com;19;;;;;
47713;22883721;Nosh Company Oy;www.nosh.fi;19;;;;;
47719;24724898;BikBok Oy;www.bikbok.com;19;;;;;
46491;25362809;Lehtipiste Oy;www.lehtipiste.fi;19;;;;;
47641;26432573;Golf Sky Oy;www.golfsky.fi;19;;;;;
46493;30946163;Suomen Retkitukku Oy;www.retkitukku.fi;19;;;;;
611;17009503;Blue Lake Communications Oy;www.blc.fi;20;;;;;
6202;19724949;Wisdomic Oy;www.wisdomic.fi;20;;;;;
6311;25460281;Telia Inmics-Nebula Oy;www.inmicsnebula.fi/fi;20;;;;;
611;26781327;Lounea Palvelut Oy;www.lounea.fi;20;;;;;
47410;26966604;NetNordic Finland Oy;www.netnordic.fi;20;;;;;
4631;10155022;Fresh Servant Oy Ab;www.fresh.fi;21;;;;;
4631;17561533;Potwell Oy;www.potwell.fi;21;;;;;
4665;24474892;Input interior Oy;www.inputinterior.fi;21;;;;;
4631;26607011;Fresh ServiceGrossist Oy Ab;www.freshservant.fi;21;;;;;
6201;14741854;SAP Finland Oy;www.sap.com/finland;22;;;;;
46461;14799810;Orifarm Oy;www.orifarm.fi;22;;;;;
6201;18371459;Esri Finland Oy;www.esri.fi;22;;;;;
46461;19184786;Magnum Medical Finland Oy;www.magnummedical.fi;22;;;;;
46462;22851922;Mediq Suomi Oy;www.mediq.fi;22;;;;;
46461;24703106;AbbVie Oy;www.abbvie.fi;22;;;;;
4761;16552213;BookBeat Oy;www.bookbeat.fi;23;;;;;
47783;17897272;Instru Optiikka Oy;www.instru.fi;23;;;;;
47783;18277112;SilmÌ_asema Optiikka Oy;www.silmaasema.fi;23;;;;;
47783;20060844;Specsavers Finland Oy;www.specsavers.fi;23;;;;;
47783;24463472;Synsam Group Finland Oy;www.synsam.fi;23;;;;;
46381;18091246;Kalaneuvos Oy;www.kalaneuvos.fi;24;;;;;
102;18630107;Kuusisen Kala Oy;www.disas.fi;24;;;;;
46381;22716851;Tuomaan Kalatukku Oy;www.kalaa.fi;24;;;;;
4723;23245676;Disas Fish Oy;www.disas.fi;24;;;;;
46381;23245705;Disas Caviar Oy Ltd;www.disas.fi;24;;;;;
4725;15055514;Alko Oy;www.alko.fi;25;;;;;
4634;17915135;Social Wines Oy;www.socialwines.fi;25;;;;;
4634;19544710;Winestate Oy;www.winestate.fi;25;;;;;
4634;19872669;Interbrands Wines & Spirits Oy;www.interbrands.fi;25;;;;;
4634;20343852;Stella Wines Oy;www.stellawines.fi;25;;;;;
4634;22981719;Quantum Beverages Oy;www.solera.fi;25;;;;;
611;24021375;Empower IN Oy;www.empower.fi;25;;;;;
46432;10404674;Panasonic Marketing CIS OY;www.panasonic.fi;26;;;;;
4651;15536174;Hewlett-Packard Oy;www.hp.fi;26;;;;;
4742;25184635;Fonum Oy Ab;www.fonum.fi;26;;;;;
4651;26694733;HP Finland Oy;www8.hp.com/fi/fi/home.html;26;;;;;
6203;15706882;MPY Telecom Oyj;www.mpy.fi;27;;;;;
611;16056244;ICT Elmo Oy;www.elmo.fi;27;;;;;
6201;16474489;Ambientia Group Oy;www.ambientia.fi;27;;;;;
6201;19424778;Oscar Software Oy;www.oscar.fi;27;;;;;
6209;23621803;Kuntien Tiera Oy;www.tiera.fi;27;;;;;
6209;30088162;MPY Yrityspalvelut Oyj;www.mpy.fi;27;;;;;
47641;17749253;Someron Urheilu ja Vapaa-aika Oy;www.sporttikone.fi;28;;;;;
45112;18514376;Koneliike Korteniemi Oy;www.koneliike.fi;28;;;;;
47521;21177972;Hurrikaani Oy;www.tavaratalohurrikaani.fi;28;;;;;
4665;25757448;Tevella Oy;www.tevella.fi;28;;;;;
612;10550997;Netplaza Oy;www.netplaza.fi/;29;;;;;
46499;10557128;Innoflame Oy;www.innoflame.fi;29;;;;;
4222;11089717;Suomen Energia-Urakointi Oy;www.seu.fi;29;;;;;
46691;14816502;Multirel Oy;www.multirel.fi;29;;;;;
612;15524368;Suomen Erillisverkot Oy;www.erillisverkot.fi;29;;;;;
4742;16203670;DNA Kauppa Oy;www.dnakauppa.fi;29;;;;;
46521;16421440;Ingram Micro Oy;www.ingrammicro.fi;29;;;;;
4222;17039171;Voimatel Oy;www.voimatel.fi;29;;;;;
4222;17476419;Enerke Oy;www.enerke.fi;29;;;;;
5812;17550076;Fonecta Oy;www.fonecta.fi;29;;;;;
4312;18201492;SaarijÌ_rvi Infra Oy;www.saarijarviinfra.com;29;;;;;
46692;18839154;Suomen TyÌ¦kalu Oy;www.suomentyokalu.fi;29;;;;;
4321;19274335;Cateva Oy;www.cateva.fi;29;;;;;
6201;19399621;Koodiviidakko Oy;www.viidakko.fi;29;;;;;
612;21904578;Line Carrier Oy;www.linecarrier.fi;29;;;;;
4222;23083814;TLT-Connection Oy;www.tltgroup.fi;29;;;;;
4222;23090344;Netel Oy;www.netel.fi;29;;;;;
4651;23476220;F9 Distribution Oy;www.f9.fi;29;;;;;
612;23669372;Kaisanet Oy;www.kaisanet.fi;29;;;;;
4222;24113034;Exsane Oy;www.exsane.fi;29;;;;;
47111;24832127;Tokmanni Group Oyj;www.tokmanni-konserni.fi;29;;;;;
612;24889705;Digita Oy;www.digita.fi;29;;;;;
4222;25182162;TMV Service Oy;www.tmvoima.fi;29;;;;;
4651;25368813;RCK Finland Oy;www.rckfinland.fi;29;;;;;
612;25671716;Suomen Yhteisverkko Oy;www.yhteisverkko.fi;29;;;;;
4222;26790186;TMV Line Oy;www.tmvoima.fi;29;;;;;
45201;28158061;Raskaspari Oy;www.raskaspari.fi;29;;;;;
619;30012053;DNA Welho Oy;www.plustv.fi;29;;;;;
2511;10129545;TerÌ_snyrkki Steel Oy;www.terasnyrkki.fi;30;;;;;
4677;15187402;Eurajoen Romu Invest Oy;www.eurajoenromu.com;30;;;;;
46733;15449767;BE Group Oy Ab;www.begroup.fi;30;;;;;
4677;16351438;Romu KeinÌ_nen Oy;www.romukeinanen.fi;30;;;;;
4672;17697123;Oy Leppinen Steel Ltd;www.leppinensteel.fi;30;;;;;
46733;18087589;Alumeco Finland Oy Ab;www.alumeco.fi;30;;;;;
4677;18949628;Kajaanin Romu Oy;www.kajaaninromu.fi;30;;;;;
4672;22171468;Metalcenter Group Oy Ab;www.metalcentergroup.fi;30;;;;;
4612;23894430;Tibnor Oy;www.tibnor.fi;30;;;;;
4677;24382111;Kat-Metal Oy;www.katmetal.fi;30;;;;;
4677;27216784;Material Nexus Finland Oy;www.suomenmateriaalikeskus.fi;30;;;;;
46733;27330384;Feon Oy;www.feon.fi;30;;;;;
46733;29226732;Elme Metall Finland Oy;www.elmemetall.fi;30;;;;;
46732;15817777;Kuhmon Aa-Puu Oy;www.kuhmonaa-puu.fi;31;;;;;
4661;19638450;Oy Husqvarna Ab;www.husqvarna.fi;31;;;;;
46731;21909715;Harvestia Oy;www.harvestia.fi;31;;;;;
46731;23072437;TIMBERICA OY;www.timberica.fi;31;;;;;
46732;23258282;Orasko Oy;www.orasko.fi;31;;;;;
4613;24197397;EPM MetsÌ_ Oy;www.epmmetsa.fi;31;;;;;
46731;25236319;Westas Group Oy;www.westas.fi;31;;;;;
47529;26105396;ANDREAS STIHL Oy;www.stihl.fi;31;;;;;
46731;27527515;MetsÌ_hallitus MetsÌ_talous Oy;www.metsa.fi/metsatalous;31;;;;;
47591;10005147;JYSK OY;www.jysk.fi;32;;;;;
47521;15806795;Bauhaus & Co. Ky;www.bauhaus.fi;32;;;;;
47529;18701083;TALOON YHTIÌÐT OY;www.taloon.com;32;;;;;
46739;19852529;Laattapiste Oy;www.laattapiste.fi;32;;;;;
47521;20435757;Stark Suomi Oy;www.stark-suomi.fi;32;;;;;
47591;21491726;IKEA Oy;www.ikea.fi;32;;;;;
47521;21663428;Netrauta Finland Oy;www.netrauta.fi;32;;;;;
46741;22503768;R Mokki Oy;www.rmokki.fi;32;;;;;
5811;15645960;KustannusosakeyhtiÌ¦ Otava;www.otava.fi;33;;;;;
4761;20083499;Jamera Oy;www.jamera.net;33;;;;;
4761;21311254;Booky.fi Oy;www.booky.fi;33;;;;;
4761;26997814;Akateeminen Kirjakauppa Oy;www.akateeminen.com;33;;;;;
4639;10559801;Dr. Oetker Suomi Oy;www.oetker.fi;34;;;;;
46461;10905217;MSD Animal Health Oy;www.msd-animal-health.fi;34;;;;;
4632;14941493;PNM Gourmet Oy;www.pnm.fi;34;;;;;
4631;15309721;Tuoreverkko Oy;www.tuoreverkko.fi;34;;;;;
46389;15581960;Findus Finland Oy;www.findus.fi;34;;;;;
4623;16373004;A-Tuottajat Oy;www.atriatuottajat.fi;34;;;;;
46461;17037758;Takeda Oy;www.leiras.fi;34;;;;;
47111;17315498;Tuominen Oy Kotikontu;www.k-kamppi.fi;34;;;;;
46382;17328811;Midsona Finland Oy;www.midsona.fi;34;;;;;
46382;18682716;Orkla Care Oy;www.axellus.fi;34;;;;;
46332;19035174;Satamuna Oy;www.satamuna.fi;34;;;;;
1091;19074624;A-Rehu Oy;www.atriatuottajat.fi;34;;;;;
47764;19178757;Peten Koiratarvike Oy;www.petenkoiratarvike.com;34;;;;;
1082;19331213;Cloetta Suomi Oy;www.leaf.fi;34;;;;;
56102;20082701;Subcom Oy;www.subway.fi;34;;;;;
46332;20854046;Kieku Oy;www.kiekuoy.fi;34;;;;;
4639;21650192;Topfoods Finland Oy;www.topfoods.fi;34;;;;;
1061;21688836;Myllyn Paras Oy Pakasteet;www.myllynparas.fi;34;;;;;
4639;22168568;Leipurin Oyj;www.leipurin.com;34;;;;;
4631;22426539;Kanta-HÌ_meen Tuoretuote Oy;www.tuoretuote.com;34;;;;;
1013;22974260;Kaivon Liha Kaunismaa Oy;www.kaivonliha.fi;34;;;;;
47299;23531461;Norvida Oy;norvida.fi/;34;;;;;
56101;23721556;Fazer Ravintolat Oy;www.fazer.fi;34;;;;;
46382;23743464;Puhdistamo - Real Foods Oy;www.puhdistamo.fi;34;;;;;
47114;24044008;R-kioski Oy;www.r-kioski.fi;34;;;;;
46909;25658933;Oy Transmeri Ab;www.transmeri.fi;34;;;;;
46332;26246447;DAVA Foods Finland Oy;www.davafoods.fi;34;;;;;
1085;28857823;Kruunu Herkku Oy;www.kruunuherkku.fi;34;;;;;
46461;29448052;Oy Verman Ab;www.verman.fi;34;;;;;
46742;10712079;Onninen Oy;www.onninen.fi;35;;;;;
46742;11096781;LVI-WaBeK Oy;www.lvi-wabek.fi;35;;;;;
46739;16122328;Ardex Oy;www.ardex.fi;35;;;;;
46691;17074532;UTU Oy;www.utu.eu;35;;;;;
412;17777246;Megalattiat Oy;www.megalattiat.fi;35;;;;;
46734;19551152;Geberit Production Oy;www.ido.fi;35;;;;;
412;20606034;Termater Oy;www.termater.fi;35;;;;;
46733;21043253;Rockwool Finland Oy;www.rockwool.fi;35;;;;;
46739;21627101;RTV-YhtymÌ_ Oy;www.rtv.fi;35;;;;;
2511;22696838;Oy Lautex Ab;www.lautex.com;35;;;;;
4332;22862728;Inlook Oy;www.inlook.fi;35;;;;;
274;23036065;Glamox Oy;www.glamox.fi;35;;;;;
2221;23525547;Jackon Finland Oy;www.jackon.fi;35;;;;;
46739;23535657;Naulankanta Geo & Building Oy;www.naulankanta.fi;35;;;;;
4391;23763705;Nordic Waterproofing Oy;www.kerabit.fi;35;;;;;
4391;24328924;KerabitPro Oy;www.kerabit.fi;35;;;;;
412;24660679;Laatulattiat Uusimaa Oy;www.laatulattiatuusimaa.fi;35;;;;;
46732;24958459;Duuri Group Oy;www.duuri.fi;35;;;;;
46733;25179668;Cembrit Oy;www.cembrit.fi;35;;;;;
45311;25676584;TMT. Malinen Oy;www.tmt.fi;35;;;;;
4333;25867532;Lahden Lattia- ja SeinÌ_pÌ_Ì_llyste Oy;www.llsp.net;35;;;;;
4636;10797543;Finnsweet Oy;www.finnsweet.fi;36;;;;;
46383;15674972;Prima Pet Premium Oy;www.primapetpremium.fi;36;;;;;
45311;17606762;Startax Finland Oy;www.startax.net;36;;;;;
47913;23041120;Handshake Finland Oy;www.handshake.fi;36;;;;;
4636;24036411;Finnsweet Holding Oy;www.finnsweet.fi;36;;;;;
47641;15155742;Stadium Oy;www.stadium.fi;37;;;;;
47641;16488717;Intersport Finland Oy;www.intersport.fi;37;;;;;
13921;18328493;Finlayson Oy;www.finlayson.fi;37;;;;;
1413;22042957;Reima Europe Oy;www.reima.fi;37;;;;;
47711;23795029;Cubus Finland Oy Ab;www.cubus.fi;37;;;;;
4647;15418995;Tempur Sealy Suomi Oy;fi.tempur.com;38;;;;;
4647;20800435;Ortobed Oy;www.unikulma.fi;38;;;;;
47591;23548925;Kruunukaluste Oy;www.kruunukaluste.fi;38;;;;;
4647;28527832;Unikulma Oy;www.unikulma.fi;38;;;;;
46462;21238587;UpViser Oy;www.upviser.fi;39;;;;;
46462;22465634;Cardirad Oy;www.cardirad.fi;39;;;;;
46461;23948718;Coloplast Oy;www.coloplast.fi;39;;;;;
46462;26704567;Mediplast Fenno Oy;www.mediplastfenno.fi;39;;;;;
47641;17022863;Aalto Group Oy;www.varuste.net;40;;;;;
45321;17802552;Varaosamaailma Oy;www.varaosamaailma.fi;40;;;;;
46493;20421523;SGN Sportia Oy;www.sportia.fi;40;;;;;
47912;20829078;Varusteleka Oy;www.varusteleka.fi;40;;;;;
46735;25778169;VÌ_rimiehet Oy;www.varimiehet.fi;40;;;;;
4645;10837525;PM-International Finland Oy;www.pm-international.fi;41;;;;;
46340;15922198;Beverage Partners Finland Oy;www.bpf-finland.fi;41;;;;;
46441;21148717;Blue Import BIM Oy;www.blueimport.fi;41;;;;;
60201;10939441;MTV Oy;www.mtvuutiset.fi;42;;;;;
5813;17359562;Sanomalehti Karjalainen Oy;www.karjalainen.fi;42;;;;;
5813;20055105;Keski-Suomen Media Oy;www.keskisuomalainen.fi;42;;;;;
5813;25423624;Turun Sanomat Oy;www.ts.fi;42;;;;;
5813;26291774;Salon Seudun Sanomat Oy;www.sss.fi;42;;;;;
6203;10696224;Affecto Oy;www.affecto.com;43;;;;;
6201;10938641;Combitech Oy;www.combitech.fi;43;;;;;
6202;15978503;Insta Advance Oy;www.insta.fi;43;;;;;
6203;16372685;LapIT Oy;www.lapit.fi;43;;;;;
6201;16390218;Innofactor Software Oy;WWW.INNOFACTOR.FI;43;;;;;
6201;18788756;Admicom Finland Oy;www.admicom.fi;43;;;;;
4666;18807128;Toshiba TEC Nordic AB, filial i Finland;www.toshiba.fi;43;;;;;
6619;19367726;Stanley Security Oy;www.stanleysecurity.fi;43;;;;;
6201;19675438;Visma Solutions Oy;www.vismasolutions.com;43;;;;;
6201;19792079;NVIDIA, Helsinki Oy;www.nvidia.com;43;;;;;
6201;20178631;Lemonsoft Oyj;www.lemonsoft.fi;43;;;;;
47596;21273630;Certego Oy;www.certego.fi;43;;;;;
6201;21289616;PEDAB Finland Oy;www.pedab.fi;43;;;;;
43291;22403177;Saimaa Group Oy;www.saimaaneristys.fi;43;;;;;
4741;23805725;Printcom Center Oy;www.printcom.fi;43;;;;;
43999;23898108;Nordic Power Service Oy;www.nordicpowerservice.com;43;;;;;
43291;23981307;SE Insulation Oy;www.saimaaneristys.fi;43;;;;;
6202;25238349;LTC-Otso Oy;www.ltc-otso.fi;43;;;;;
46461;10487238;Sanofi Oy;www.sanofi.fi;44;;;;;
46462;10549777;Smith & Nephew Oy;www.smith-nephew.fi;44;;;;;
46462;14381721;Fresenius Medical Care Suomi Oy;www.freseniussuomi.fi;44;;;;;
46461;15976372;Boehringer Ingelheim Finland Ky;www.boehringer-ingelheim.fi;44;;;;;
46461;17344600;Pharmaservice Oy;www.anja.fi;44;;;;;
4645;17636494;Perrigo Suomi Oy;www.aco.fi;44;;;;;
46462;17867540;ResMed Finland Oy;www.resmed.fi;44;;;;;
46462;19474097;Roche Diagnostics Oy;www.roche.fi;44;;;;;
46461;20779904;Decem Pharma Oy;www.decempharma.fi;44;;;;;
47191;18348689;Suur-Seudun Osuuskauppa SSO;www.s-kanava.net/sso;45;;;;;
4711;18379573;HOK-Elanto Liiketoiminta Oy;www.hok-elanto.fi;45;;;;;
47111;23645151;Osuuskauppa Varuboden-Osla Handelslag;www.varuboden-osla.fi;45;;;;;
4711;24677665;Kymen Seudun Osuuskauppa;www.s-kanava.fi/kso;45;;;;;
4639;25578562;Wihuri Oy;www.wihuri.fi;45;;;;;
412;24067912;Hoivarakentajat Oy;www.hoivarakentajat.fi;46;;;;;
5629;24403955;Vantaan Tilapalvelut Vantti Oy;www.vantti.fi;46;;;;;
5629;24431518;Arkea Oy;www.arkea.fi;46;;;;;
412;28564414;Mediset Oy;www.hoivarakentajat.fi;46;;;;;
5629;29259817;Kaarea Oy;www.arkea.fi;46;;;;;
46692;11072827;SKS Mekaniikka Oy;www.sks.fi;47;;;;;
45111;16504852;Honda Motor Europe Limited;www.honda.fi;47;;;;;
46742;21137997;Belimo Finland Oy;www.belimo.fi;47;;;;;
46692;22002277;Tecalemit Flow Oy;www.tecaflow.fi;47;;;;;
45111;28089158;NCG Import Finland Oy Ab;www.honda.fi;47;;;;;
45112;29082652;Polaris Finland Oy;www.polaris.fi;47;;;;;
701;15146424;Oy Otto Brandt Ab;www.otto-brandt.fi;48;;;;;
6201;16353724;Receptum Oy;www.receptum.fi;48;;;;;
42991;19714468;TieyhtiÌ¦ YkkÌ¦stie Oy;www.ykkostie.net/tieyhtio-ykkostie-oy.html;48;;;;;
4676;22145016;Oy Telpak Ab;www.telpak.fi;48;;;;;
43999;23185001;Hot Mix Oy Finland;www.hotmix.fi;48;;;;;
4312;23201016;Infrastar Oy;www.infrastar.fi;48;;;;;
45191;23421449;Suvanto Trucks Oy;www.suvantotrucks.com;48;;;;;
46381;28341528;Escamar Seafood Oy;www.escamarseafood.fi;48;;;;;