business_id;url;name;category;data
26466749;https://wolt.com/fi;Wolt Enterprises Oy;food_delivery,software;Selaa Woltia Sivun p√§√§osio Sivun alaosa Kirjaudu Rekister√∂idy Suomi L√∂yd√§ ja tilaa herkullista ruokaa. Toimitusosoite Valitse kuljetusosoite Esimerkkikatu 1 Hae tai tutki suosittuja ravintoloita ja kauppoja kaupungissa Helsinki Tutustu Wolt-maihin SuomiKaikki maat üá´üáÆ Suomi Muut Wolt-maat Espoo Helsinki Hyvink√§√§ H√§meenlinna Imatra Joensuu Jyv√§skyl√§ J√§rvenp√§√§ Kajaani Kerava Kokkola Kotka Kouvola Kuopio Lahti Lappeenranta Lohja Mikkeli Nokia Oulu Pietarsaari Pori Porvoo Rovaniemi Sein√§joki Tampere Turku Vaasa Vantaa Tiesitk√∂? Kun tilaat Woltilla vaikkapa sushia kotiin, teet muutakin kuin helpotat omaa arkeasi. Autat tuhansia ahkeria ravintoloitsijoita, kauppiaita ja l√§hettej√§ ansaitsemaan elantonsa. Kiinnostaako Wolt muutenkin kuin ruoan puolesta? Ala ansaita l√§hettikumppanina Hae nyt Hae ravintolakumppaniksi Hae nyt Uusi suunta el√§m√§lle? Hae t√∂ihin Woltille. Hae nyt Lataa sovellus Lataa Woltin sovellus : android Tehd√§√§n yhdess√§ L√§heteille Ravintoloille Myym√§l√∂ille Yrityksille Wolt Delivery Ty√∂paikat Wolt-linkit Yhteystiedot Media Tuki Blogi Tekninen blogi Vastuullisuus Turvallisuus Oiva Tietoa meist√§ ¬© Wolt 2014‚Äì2021 Saavutettavuusseloste K√§ytt√∂ehdot
19366846;https://www.foodora.fi/;Delivery Hero Finland Oy;food_delivery,software;Tietoa koronavirukseen liittyen FI EN KIRJAUDU SIS√Ñ√ÑN Kotiovellesi minuuteissa Katuosoite ja talon numero tai KaupungitL√∂yd√§t meid√§t n√§ist√§ sek√§ monista muista kaupungeista! HelsinkiH TurkuT TampereT EspooE Jyv√§skyl√§J KuopioK OuluO VantaaV LahtiL KouvolaK AppOlemme my√∂s k√§nnyk√§ss√§si Tilaa ruokaa jota haluat Paikalliset suosikit ja uudet l√∂yd√∂t - pari klikkausta ja kaupungin ravintolat ovat lautasellasi. Anna menn√§, lataa ilmainen sovelluksemme ja rakastu heti ensimm√§isell√§ puraisulla. ToimistoKun koko tiimill√§ on n√§lk√§ foodora for business Lounas, naposteltavaa kokouksiin tai polttoainetta iltat√∂ihin - kun koko tiimi on n√§liss√§√§n, foodora hoitaa homman. Ruoan kotiinkuljetus helpoimmillaan Jos etsit palvelua, joka yhdist√§√§ melkein kaikki Suomen ravintolat, olet l√∂yt√§nyt sen. foodora ker√§√§ ravintolat yhteen paikkaan, jotta ruoan tilaaminen kotiinkuljetuksella olisi sinulle mahdollisimman helppoa. Saman palvelun alta sek√§ l√∂yd√§t l√§himm√§t ravintolat ett√§ p√§√§set tilaamaan kotiinkuljetuksella niiden ruokalistoilta juuri sinulle mieleist√§ ruokaa helposti ja nopeasti. Voit tilata ruoat meid√§n n√§pp√§r√§ll√§ applikaatiolla tai k√§tev√§sti verkossa. Nyt vain tutustumaan ja ihastumaan! Miten kattava ravintolatarjonta on foodorassa? Meill√§ on ravintoloita noin sadassa Suomen kaupungissa, esimerkiksi Helsinki, Espoo, Vantaa, Turku ja Tampere. Palvelusta l√∂ytyy ravintoloita Rovaniemelt√§, Imatralta ja jopa Kittil√§st√§. Palvelustamme l√∂ytyy my√∂s paljon erilaisia ravintoloita, kuten italialainen, intialainen, kiinalainen, japanilainen tai nepalilainen ravintola. My√∂s ruokalajeja on laidasta laitaan jokaisen makuun, esimerkiksi sushi, kebab, pizza, hampurilainen ja falafel. Nyt vain tutustumaan foodora-palveluun ja sen tarjontaan, sill√§ herkullinen ruoka odottaa sinua! Miten palvelu toimii? Sy√∂t√§ etusivulle haluamasi toimitusosoite, niin listaamme kaikki ravintolat, jotka kuljettavat sy√∂tt√§m√§√§si osoitteeseen - olit sitten kotona tai kaverin luona. Sen j√§lkeen valitset mieleisen ravintolan, jonka j√§lkeen p√§√§set valitsemaan annokset jotka houkuttelevat sinua (tai teit√§) eniten - oli se sitten mit√§ tahansa pizzasta sushiin tai kiinalaiseen ruokaan. T√§m√§n j√§lkeen voit l√§hett√§√§ tilauksesi, jolloin ravintola aloittaa ruokasi valmistuksen. Hetkisen kuluttua ovikello huutaa PIMPOM ja saat tuoreen ja maukkaan aterian kotiovellesi. Parasta ruokahalua! Bonusta melkein jokaisesta tilauksesta Useat ravintolat tarjoavat foodora-palvelussa Bonusta. Se tarkoittaa sit√§, ett√§ kyseisilt√§ ravintoloilta tilatessasi saat heid√§n tarjoaman prosentuaalisen summan takaisin Bonuksina. N√§it√§ Bonuksia voit k√§ytt√§√§ maksuv√§lineen√§ tilaukseesi kyseisest√§ ravintolasta siit√§ l√§htien. Voit k√§ytt√§√§ Bonuksia kassalla oston yhteydess√§. foodoralla haluamme my√∂s palkita meid√§n asiakkaita aika ajoin, joskus kilpailulla, arvonnalla tai tarjouksilla ja alennuksilla. N√§it√§ voit saada usealla eri tavalla: seuraamalla meit√§ Facebookissa tai Instagramissa, tilaamalla meid√§n uutiskirje tai meid√§n applikaation ilmoituksilla - eli kun lataat foodora-sovelluksen, niin kannattaa pit√§√§ ilmoitukset p√§√§ll√§. N√§in olet ensimm√§isen√§ kuulemassa tarjouksista. Muista arvostella ravintola tilauksen j√§lkeen Kun olet saanut ruoan ja sy√∂nyt sen, niin olisimme eritt√§in kiitollisia, jos arvostelisit ravintolan suoriutumista ruoan, palvelun ja nopeuden n√§k√∂kulmasta. Voit tilauksen j√§lkeen antaa ravintolalle arvosaksi 1-5 t√§hte√§, jotta seuraavat asiakkaat l√∂yt√§v√§t heille mieleisen ravintolan. Jotta arvostelusta saadaan kaikki irti, niin kannattaa kirjoittaa perustelut arvostelulle, jotta muut tiet√§v√§t mill√§ osa-alueilla ravintola onnistui. Muista my√∂s arvostella foodora-sovellus. Tietosuoja K√§ytt√∂ehdot Kumppaniehdot UKK Tuki Tietoa palvelusta Alennukset foodpedia Ryhdy l√§hetiksi Kerro kaverille Ravintoloille Ty√∂paikat Oiva Medialle Koronavirus ¬© 2021 Delivery Hero Finland Oy RUOKAA KOTIIN L√ÑHELL√Ñ - HELSINKI POWER PIZZA, Mosa Pizzeria, Yu Zi Sushi, City Pizza Kebab, China Szechuan RUOKAA KOTIIN L√ÑHELL√Ñ - TURKU Kulta Kebab Pizzeria, Wing It Turku, Manhattan Best Food - Turku, Bacadell, Ravintola Forat Naughty BRGR RUOKAA KOTIIN L√ÑHELL√Ñ - TAMPERE Pizza Service - Hervanta, Mardin Tampere, Siipiweikot, Naughty Burger x Ihku, Hesburger RUOKAA KOTIIN L√ÑHELL√Ñ - JYV√ÑSKYL√Ñ Puistokadun Kebab pizzeria, Sakuragawa, Fit Wok, Big Bang, Street Food Bar RUOKAA KOTIIN L√ÑHELL√Ñ - ESPOO Pizza Box, Bestis Gastro Pub, Taste of Thailand, Ju Xiang Lou, Ravintola Kainan RUOKAA KOTIIN L√ÑHELL√Ñ - VANTAA Ipon Pizza, L√§nsi Nepal, Fafa‚Äôs Tikkurila, Ananas Pizzeria, Shiraz Grill, Hesburger RUOKAA KOTIIN L√ÑHELL√Ñ - OULU Merikosken Kiinalainen, The Royal Garden, Pizzeria Ella, Pad Thai Baan Naa, Cafe Rooster RUOKAA KOTIIN L√ÑHELL√Ñ - LAHTI Jonel Thai, Momento Karisma, Herkku Pizzeria Grilli, Lipterin Kasvisravintola, Pancho Villa Kluuvi, Vinosia SPECIAL OFFERS, DEALS, AND PROMOTIONS Muut ravintolat McDonald's   |   Hesburger   |   Burger King   |   Wing It   |   Candytown   |   Pizza Hut   |   Hanko Sushi   |   Mamacita   |   Fafa's   |   Naughty Brgr   |   Taco Bell   |   Friends & Brgrs   | Amarillo   |   Espresso House   |   Itsudemo   |   King Kebab   |   Spice Ice   |   Arnolds   |   Fuku   |   Chicos   |   American Diner   |   Barot¬¥s   | MUITA RUOKIA SAATAVILLA Helsinki Sushi Pizza Hampurilainen Kiinalainen Kebab Falafel Kasvisruokavalio Pasta Turku Sushi Pizza Hampurilainen Kiinalainen Kebab Falafel Kasvisruokavalio Pasta Tampere Sushi Pizza Hampurilainen Kiinalainen Kebab Falafel Kasvisruokavalio Pasta Espoo Sushi Pizza Hampurilainen Kiinalainen Kebab Falafel Kasvisruokavalio Pasta Lis√§√§ kaupunkeja Lahti Jyv√§skyl√§ Kotka Kouvola Oulu Hyvink√§√§ Lappeenranta Kuopio Kerava Hameenlinna Pori Porvoo J√§rvenp√§√§ Joensuu Riihim√§ki Norway | Sweden | Austria | Germany | Hungary | Czech Republic | Slovakia
20812129;https://www.enfo.fi/;Enfo Oyj;data,cloud;Skip to main content EtusivuEnfo Meist√§ Palvelumme Ura Ideat Caset Uutiset ja tapahtumat Sijoittajat Suomi List additional actions Image. Enfo Tervetuloa Enfolle Datavetoista liiketoimintaa. Palvelumme Hienoa, ett√§ l√∂ysit meid√§t Tulokset, jotka haluat saavuttaa. Ihmiset, joiden kanssa haluat ty√∂skennell√§.. Intro text. Yli 800 alan asiantuntijaamme ty√∂skentelee vastuullisemman ja √§lykk√§√§mm√§n maailman puolesta, jossa teknologia voimaannuttaa niin yksil√∂it√§, yrityksi√§ kuin yhteiskuntiakin. Content sections. Asiakkaat. Edellinen Seuraava Image right. enfo-webMeist√§ Image left. Cloud services laptop EnfoLiity joukkoomme Tapahtumat. Tapahtuma Webinar: It's all about integration - Manufacturing and the 4th industrial revolution. Tapahtuma Pilvipalvelut muutosmatkan mahdollistajana ‚Äì case Alko | 13.10.2021. Tapahtuma Vaihtoehto tiketeille: tiivis yhteisty√∂ yli organisaatiorajojen | 1.9.2021. 1 - 3 of 22 Pagination Next pageSeuraava Agendalla Ajankohtaista Enfolla. Kiinnostavinta nyt L√∂yd√§ datan mahdollisuudet. Meilt√§ l√∂yd√§t digitaalisen maailman tuoreimmat n√§kemykset. Mietitytt√§√§k√∂ datan hallinta monialustaisessa ymp√§rist√∂ss√§? Tied√§tk√∂ jo, miten datasta saa eniten arvoa? Edellinen Seuraava Media. People drinking coffee Ura Rakenna kanssamme √§lykk√§√§mp√§√§ Pohjolaa. Text. Tutustu meihin ja liity joukkoomme Lue lis√§√§ Kiitos Body. Enfo on pohjoismainen IT-palvelutalo, joka mahdollistaa asiakkaidensa datavetoisen liiketoimintamuutoksen. Yli 800 alan asiantuntijaamme ty√∂skentelev√§t √§lykk√§√§mm√§n maailman puolesta, jossa teknologia voimaannuttaa niin yksil√∂it√§, yrityksi√§ kuin yhteiskuntaa. Linkit Ota yhteytt√§ Palvelumme Ura Enfolla Jaa Body. Tietosuoja | @2021 Enfo. Pid√§t√§mme oikeudet muutoksiin.
21130349;https://vincit.fi/;Vincit Oyj;software,consulting;VINCIT Mit√§ me teemmeTy√∂mmeTy√∂nhakijoille11SijoittajilleBlogiMedialleYhteysIn English MOI! ME OLEMME VINCIT Aina toimivinta digitaalisuutta ymm√§rrett√§v√§ss√§ paketissa. Jotta huominen ei pelota Muutamme huolesi huomisesta kest√§v√§ksi tulevaisuudeksi ohjelmistokehityksen, suunnittelun, uuden teknologian ja datan avulla. Meilt√§ saat modernia digitalisaatiota tyytyv√§isyystakuulla. H1/2021 LUVUT JULKI Puolivuosikatsauksemme on ulkona! N√§ist√§ puhutaan Asiantuntijoidemme ajatuksia ja n√§kemyksi√§ digitalisoituvasta maailmasta, asiakkaidemme menestystarinoita ja tuoreita uutisia. Kuinka valjastaa data palvelemaan bisnest√§? Lataa opas ja pist√§ data t√∂ihin. LATAA ILMAINEN OPAS Onko organisaatiosi muutosjoustava? TEE RESILIENSSIANALYYSI Mik√§ on muuttunut, miss√§ ollaan nyt ja mik√§ tulee muuttumaan vuonna 2021? VINCITIN TRENDIKATSAUS 2021 Kiinnostaisiko kehitt√§√§ vastuullisia tuotteita ja palveluja, jotka tekev√§t hyv√§√§ sek√§ planeetalle ett√§ bisnekselle? PLANET CENTRIC DESIGN TOOLKIT √Ñlyk√§s Verto-vedenmittausj√§rjestelm√§ vie kohti parempaa huomista N√§in voimme auttaa Vincit Now ‚Äî Digitaalinen transformaatio ja liiketoimintamuotoilu Disruptoi oma liiketoimintasi ennenkuin joku muu tekee sen puolestasi. Lis√§√§ Palvelumuotoilu ja ohjelmistokehitys Aina toimivinta digitaalisuutta ideasta toteutukseen ‚Äì asiakkaidesi ehdoilla. Lis√§√§ Digitaaliset alusta- ja elinkaaripalvelut Autamme sinua maksimoimaan softainvestointiesi arvon integraatioratkaisujen & yll√§pito- ja alustapalveluiden avulla. Lis√§√§ VincitEAM VincitEAM:in avulla johdat tietoa, tarpeistoa ja toimintaa yhdell√§ ty√∂kalulla, joka tuo oikean informaation oikeaan paikkaan ja oikeaan aikaan ‚Äì joka kerta ja kaikilla laitteilla. Lis√§√§ Vincit LaaS Vincit LaaS on ty√∂paikkojen digitaalinen valmentaja ja r√§√§t√§l√∂it√§v√§ alusta ty√∂ntekij√§l√§ht√∂iselle johtamiselle. LaaSin avulla jaat ja ker√§√§t dataa, tukea ja palautetta ‚Äì l√§pin√§kyv√§sti ja reaaliaikaisesti. Lis√§√§ Ohjelmistokehityksen ostajan pikaopas 2.0 Miten varmistat, ett√§ ohjelmistokehityshanke onnistuu? Kokosimme yksiin kansiin ohjelmistokehityksen eri vaiheissa huomioitavat asiat ja ty√∂kalut onnistumiseen. Enemm√§n kuin tavallinen ty√∂paikka Vincitin menestys on rakennettu yksinkertaisen ajatuksen pohjalle: tyytyv√§iset ty√∂ntekij√§t luovat tyytyv√§isi√§ asiakkaita. Kirjavista taustoistamme huolimatta meit√§ yhdist√§√§ yksi asia. Rakkaus ja intohimo ty√∂t√§mme kohtaan. Sukella syvemm√§lle BLOGI  JOHTAMINEN / LIIKETOIMINTA Leadership Principles for Tomorrow BLOGI  TEKNOLOGIA Saumaton palvelupolku viestint√§kanavista mobiilisovellukseen BLOGI  DESIGN Opintopiirin avulla parempaa saavutettavuusosaamista Tilaa uutisankka S√§hk√∂posti* Kyll√§, hyv√§ksyn Vincitin tietosuojaselosteen. Emme sp√§mm√§√§ ja pid√§mme tietosi turvassa.* Seuraavaksi MIT√Ñ ME TEEMME Ota yhteytt√§, jutellaan! +358 3 217 3762 info@vincit.fi FacebookTwitterYouTubeInstagramLinkedInMediumGithub Tampere Visiokatu 1 33720 Tampere FINLAND Helsinki / Arkadia Arkadiankatu 6 00100 Helsinki FINLAND Helsinki / Hakaniemi John Stenbergin ranta 2 00530 Helsinki FINLAND Turku Helsinginkatu 15 20500 Turku FINLAND Oulu Elektroniikkatie 8 90590 Oulu FINLAND Jyv√§skyl√§ Kiv√§√§ritehtaankatu 6 D 40100 Jyv√§skyl√§ FINLAND Kuopio Microkatu 1 A 70210 Kuopio FINLAND Palo Alto 470 Ramona St Palo Alto, CA 94301 USA Orange County 300 Spectrum Center Drive, Suite 1110 Irvine, CA 92618 USA Los Angeles 520 Broadway, Suite 200 Santa Monica, CA 90401 USA Arizona 2 N. Central Ave, Suite 1800 Phoenix, AZ 85004 USA Switzerland c/o Inox Communication H√¥tel des Postes Place Numa-Droz 2 Case postale 2511 CH-2001 Neuchatel SWITZERLAND Vincit Mit√§ me teemmeTy√∂mmeTy√∂nhakijoilleSijoittajilleBlogiMedialleYhteysTietosuojaselosteIlmoituskanavaVincit.com
6257966;https://www.mtech.fi/;Mtech Digital Solutions Oy;software,consulting;minunmaatilani.fi FI EN Tuotteet ja palvelut BlogiOppaat T√∂ihin meille Tietoa meist√§ Ota yhteytt√§ Innovatiivisia digitaalisia ratkaisuja liiketoimintasi tarpeisiin Katso lis√§√§ Ajankohtaista 30.06.2021 Patrik Nordgren on nimitetty Mtechin Customer Solutions Global -yksik√∂n johtajaksi 15.04.2021 Lypsykarjan mobiilisovellus vie suomalaista osaamista maailmalle 09.04.2021 Kehit√§mme revontulien havaitsemista helpottavaa sovellusta ‚Äì yhteisty√∂ Sodankyl√§n geofysiikan observatorion kanssa tuo tutkimustiedon revontulista matkapuhelimeesi 30.03.2021 ICARin tilasto- ja j√§senpalvelu MyICAR on julkistettu Lis√§√§ ajankohtaisia Palvelumme Digitaalisen liiketoiminnan kehitt√§minen ja konsultointi Mtech on tehokas kumppani digitaalisen liiketoiminnan kehitt√§miseen ja konsultointiin. Emme keskity vain yksitt√§isen IT-ratkaisun tuottamiseen, vaan toimintanne kehitt√§miseen sen avulla. Lue lis√§√§ kehityspalveluistamme IT-palvelut Ammattimaiset IT-palvelut takaavat toimivan ja tietoturvallisen IT-ymp√§rist√∂n. Mtechin palvelut sis√§lt√§v√§t monipuolisen IT-tuen, varmuuskopioinnin ja O365:n. Lue lis√§√§ IT-palveluistamme Asiakkaitamme Ohjelmistorobotti hoitaa ostolaskujen k√§sittelyn ProEventuksella ProEventus Oy: Ohjelmistorobotiikka laskutuksessa Ohjelmistorobotiikka k√§sittelee automatisoinnin my√∂t√§ ProEventuksella noin 2 000 ostolaskua kuukaudessa. Lue lis√§√§ ETT ry: Naseva, rajapintojen kokonaisuus Mtech ja El√§inten terveys ETT ry ovat kehitt√§neet nautatilojen terveydenhuollon j√§rjestelm√§ Nasevasta rajapintojen kokonaisuuden, joka tuo tiedot eri j√§rjestelmist√§ yhteen palveluun. Lue lis√§√§ Napapiirin Energia ja Vesi: asiakasportaali Assari Palvelumuotoilun avulla asiakasportaali Assarissa vastataan k√§ytt√§jien tarpeisiin ja Neven liiketoiminnallisiin tavoitteisiin. Lue lis√§√§ Ruokatieto Yhdistys ry: IT-palveluiden kokonaisuus Ruokatieto Yhdistys ry on ollut Mtechin IT-palveluiden tyytyv√§inen asiakas jo toistakymment√§ vuotta. IT-ymp√§rist√∂st√§ ei ole tarvinnut murehtia, kun Mtech on pit√§nyt siit√§ huolen. Lue lis√§√§ Tilaa Mtechin uutiskirje! Tilaamalla Mtechin uutiskirjeen saat s√§hk√∂postiisi noin kuukausittain koosteen ajankohtaisista uutisistamme, blogiartikkeleistamme, oppaistamme ja muista mielenkiintoisista sis√§ll√∂ist√§. Voit poistua listalta milloin tahansa. S√§hk√∂postiosoite Varmista, ett√§ et ole robotti J√§tt√§m√§ll√§ meille yhteystietosi hyv√§ksyt tietojesi k√§ytt√§misen ja k√§sittelyn tietosuojaselosteen kuvaamalla tavalla. Tutustu tietosuojaselosteeseemme. Poimintoja blogista Kaikki blogikirjoitukset MTECH DIGITAL SOLUTIONS Mtech tarjoaa innovatiivisia digitaalisia ratkaisuja juuri sinun yrityksesi tarpeisiin. Toteutamme kaipaamasi ratkaisut moderneilla teknologioilla ja ketterill√§ menetelmill√§. Tivi_250_2020.png (501√ó557) YHTEYSTIEDOT Mtech Digital Solutions Oy Urheilutie 6, PL 25 01301 VANTAA Muut toimipisteet Yrityksille Myynti: myynti@mtech.fi Laskut: mtechlaskutus@proagria.fi Yhteystiedot Maatiloille Minun Maatilani -ohjelmistotuki (kaikki maatalousohjelmistoihin liittyv√§t asiat): tuki@mtech.fi Minun Maatilani -yhteystiedot Rekisteriseloste Tietosuojaseloste SEURAA MEIT√Ñ LASKUTUS Verkkolaskuosoite: 003706257966 OVT-tunnus: 003706257966 Operaattori: BASWARE V√§litt√§j√§n tunnus: BAWCFI22 Y-tunnus: 0625796-6 K√§yt√§mme sivustolla ev√§steit√§ tarjotaksemme sinulle parhaan mahdollisen k√§ytt√∂kokemuksen. K√§ytt√§m√§ll√§ sivustoa hyv√§ksyt ev√§steiden k√§yt√∂n. Tutustu tietosuojaselosteeseen. OK
6142659;https://www.cadmatic.com/fi/;Cadmatic Oy;3d,software;"CADMATIC logo Valitse kieli Haku ETUSIVU MARINE PROCESS & INDUSTRY CONSTRUCTION AJANKOHTAISTA YRITYS OTA YHTEYTT√Ñ Missiomme on nostaa asiakkaidemme liiketoiminnan ja projektien tehokkuus sek√§ tuottavuus t√§ysin uudelle tasolle. CADMATIC Hero image Software for industrial 3D design & information management ""Missiomme on nostaa asiakkaidemme liiketoiminnan ja projektien tehokkuus sek√§ tuottavuus t√§ysin uudelle tasolle."" CADMATIC Construction CADMATIC Construction sis√§lt√§√§ kattavat BIM-suunnitteluty√∂kalut niin rakennuss√§hk√∂istykseen, LVIA-suunnitteluun kuin rakennesuunnitteluunkin. CADMATIC Electrical on Suomen k√§ytetyin ja laajin ohjelmisto rakennuss√§hk√∂suunnitteluun, joka kattaa tarpeet aina tietomallipohjaisesta suunnittelusta urakoinnin loppudokumentointiin. CADMATIC Building sis√§lt√§√§ monipuoliset ty√∂kalut rakennesuunnittelun eri vaiheiden tekemiseen, paalutuksista vesikattoon asti. CADMATIC HVAC on markkinoiden laajin, kaikki LVIA-suunnittelun osa-alueet kattava BIM-ohjelmisto. CADMATIC CONSTRUCTION CONSTRUCTION-OHJELMISTORATKAISUT K√ÑYTT√ÑJ√ÑORGANISAATIOT CADMATIC Marine CADMATICin √§lykk√§√§t 3D-suunnittelu- ja information management -j√§rjestelm√§t soveltuvat kaikenlaisiin laivanrakennus- ja offshore-projekteihin. Suunnitteluty√∂kalumme s√§√§st√§v√§t aikaa runko- ja varustesuunnittelussa sek√§ rakentamisessa. Samalla information management -j√§rjestelm√§mme tehostavat merkitt√§v√§sti dataohjattua laivanrakennusta. CADMATIC MARINE MARINE -OHJELMISTORATKAISUT INFORMATION MANAGEMENT LAIVANRAKENNUS & OFFSHORE LAIVANRAKENNUSVERKOSTOT PROJEKTIN VAIHEET CADMATIC Process & Industry CADMATIC Process & Industry sis√§lt√§√§ kaikki suunnitteluvaiheet kattavia, korkean suorituskyvyn ty√∂kaluja prosessivetoisten laitosten suunnitteluun. Siihen kuuluvat my√∂s toteutusprojektien katselmoinnin ja viestinn√§n v√§lineet, sek√§ digital twin -datan laitosten elinkaaren hallintaan. CADMATIC PROCESS & INDUSTRY PROCESS & INDUSTRY -OHJELMISTORATKAISUT INFORMATION MANAGEMENT TEOLLISUUSALAT K√ÑYTT√ÑJ√ÑORGANISAATIOT PROJEKTIN ELINKAARI Avainluvut 6000+ Asiakasta 60 Maata 45% Liikevaihdon kasvu viimeisten kahden vuoden aikana 20% Asiakasm√§√§r√§n kasvu viimeisten kahden vuoden aikana Uutiset October 18, 2021 Sumitomo SHI FW (SFW) ottaa k√§ytt√∂√∂n Cadmaticin ohjelmistot ‚Äì tavoitteena edist√§√§ digitaalisaatiota, dataohjattua suunnittelua ja projektin hallintaa Digital Twin in Construction Artikkelit August 30, 2021 Dataan pohjaava suunnittelun ja k√§yt√∂n hallinta tulee rakennusalallekin Eik√∂ tieto kulje ohjelmistojen v√§liss√§? Hukkaat aikaa ja rahaa Artikkelit August 23, 2021 Eik√∂ tieto kulje ohjelmistojen v√§liss√§? Hukkaat aikaa ja rahaa Granlund Saimaa Artikkelit August 11, 2021 Data-driven engineering ‚Äì 70 % v√§hemm√§n dokumentteja, jopa 20 % tehokkaammat projektit Uutiset June 15, 2021 Uudet 2021T2-versiot julkaistu CADMATIC-ohjelmistoista Suunnittelu onnistuu 24/7 - maksutta ja muutamalla hiiren klikkauksella Artikkelit June 02, 2021 Suunnittelu onnistuu 24/7 - maksutta ja muutamalla hiiren klikkauksella Granlund Saimaa Artikkelit April 29, 2021 S√§hk√∂ist√§ m√§√§r√§laskentaa tarvitaan edelleen Opiskelijalisenssi Artikkelit April 28, 2021 Ty√∂llist√§ Suomessa opiskellut insin√∂√∂ri suomalaisella huippusoftalla! Opiskelijat CADMATIC Building -et√§koulutuksessa, TUNI Uutiset March 25, 2021 K√§yt√§nn√∂nl√§heisyys toimii my√∂s et√§toteutuksena Tilaa uutiskirje Uutiskirjeemme pit√§v√§t sinut ajan tasalla mm. ohjelmistojemme uusimmista kehitysaskeleista, uutisista, tapahtumista, asiakkaiden menestystarinoista, webinaareista ja ohjelmistojen kokeilumahdollisuuksista. Tilaa kuukausittainen uutiskirjeemme. EMAIL S√§hk√∂postiosoite Haluan uutiskirjeen seuraavilta toimialoilta Shipbuilding and Offshore (englanniksi) Process & Industry (englanniksi) Construction (suomeksi) L√ÑHET√Ñ Voit peruuttaa uutiskirjeen tilauksen milloin tahansa. Jos haluat lis√§tietoja uutiskirjeen peruuttamisesta, tietosuojak√§yt√§nn√∂ist√§mme ja siit√§, miten olemme sitoutuneet suojaamaan ja kunnioittamaan yksityisyytt√§si, tutustu Tietosuojak√§yt√§nt√∂√∂n CADMATIC logoFeel Empowered ETUSIVUMARINEPROCESS & INDUSTRYCONSTRUCTIONPALVELUTYRITYSOTA YHTEYTT√Ñ ¬© CADMATICSivukartta Tietosuojalauseke"
10881462;https://cloudia.com/fi/;Cloudia Oy;data,software;"RATKAISUT ASIAKKAAT TIETOPANKKI OTA YHTEYTT√Ñ CLOUDIA MARKETPLACE Kirjaudu palveluihin Tilaa demo RATKAISUT TIETOPANKKI ASIAKKAAT OTA YHTEYTT√Ñ EN FI Kirjaudu palveluihin Tilaa demo Etsi ""Cloudian palveluiden k√§ytt√∂ hankinnoissa ja sopimuksen teossa on selke√§√§ ja sujuvaa"" Valitse huippuluokan ty√∂kalut parempiin digiajan kilpailutuksiin ja sopimushallintaan! Haluaisitko tehostaa kilpailutusprosessia kustannuksia ja aikaa s√§√§st√§en? Haluaisitko hallita sopimuksia koko niiden elinkaaren ajan ja v√§hent√§√§ niihin liittyvi√§ riskej√§? Haluaisitko l√∂yt√§√§ parhaat toimittajat ja koota kumppaniverkoston tiedot yhteen paikkaan? Cloudian ratkaisujen avulla organisaatiosi saa paremman otteen sopimuksista ja hankinnoista, ja voit valjastaa niihin liittyv√§n tiedon toimimaan tehokkaana pohjana p√§√§t√∂ksenteolle. Cloudia lyhyesti +28 miljardia ‚Ç¨ hankintojen arvo verkostossamme vuosittain +230 000 k√§ytt√§j√§√§ +80 000 toimittajaa toimittajarekisteriss√§ Cloudian ratkaisut Hankintojen suunnittelu Kilpailutus Sopimushallinta Toimittajahallinta Analytiikka Markkinapaikka Hankintojen suunnittelu Hankinnat haltuun aktiivisen suunnittelun avulla Tied√§tk√∂ tarkalleen, milloin tarvitset toimittajan palveluita tai tuotteita? Yll√§tt√§v√§t hankintapyynn√∂t viev√§t aikaa ja aiheuttavat ylim√§√§r√§isi√§ kuluja. Hankintojen suunnittelu mahdollistaa keskitetyt hankinnat organisaatiossa ja saa aikaan kiistattomia hy√∂tyj√§ ja kustannuss√§√§st√∂j√§. Lue lis√§√§ Kilpailutus Kasvua ja uutta liiketoimintaa hankintojen digitalisoinnilla Onko kilpailutusprosessin kaikki vaiheet yksitt√§isest√§ tarjouspyynn√∂st√§ kilpailutuksen seurantaan hallinnassa? Toimivat hankintaprosessit tukevat koko yrityksen liiketoiminnan tavoitteita. Lue lis√§√§ Sopimushallinta Sopimustiedosta kilpailuetua Saatko sopimuksistasi kaiken hy√∂dyn irti? Oletko varma, ett√§ sopimusehdot t√§yttyv√§t? Onko sopimustesi hallinta ja kokonaiskuvan hahmottaminen vaikeaa? Lue lis√§√§ Toimittajahallinta Hallinnoi toimittajakentt√§√§ tehokkaasti Ohjaatko hankintasi oikeille toimittajille? Oletko varma, ett√§ sinulle parhaat toimittajat ovat tietoisia hankinnoistasi? Lue lis√§√§ Analytiikka Data tiedolla johtamisen avuksi Isoista datam√§√§rist√§ visuaalisia raportteja nopeasti ja helposti liiketoiminnan tarpeisiin? Lue lis√§√§ Markkinapaikka Verkostoidu ja k√§y kauppaa ketter√§sti Tunnetko markkinoidesi tarjonnan ja sopivimmat toimittajat? Haluaisitko laajentaa toimittajaverkostoasi ja tehostaa tarjouskilpailujanne, aikaa ja kustannuksia s√§√§st√§en? Lue lis√§√§ Asiakaskokemus ‚ÄùCloudian ratkaisujen avulla automatisoimme hankintoihin liittyv√§t rutiinit, mik√§ vapauttaa projektip√§√§llik√∂iden kallista aikaa esimerkiksi muistuttamisten, tiedustelujen ja s√§hk√∂postikirjeenvaihdon osalta. Kiirett√§ aiheuttavien rutiinien m√§√§r√§ on selke√§sti v√§hentynyt, mik√§ vaikuttaa tehokkuuden lis√§ksi ty√∂hyvinvointiin. J√§rjestelm√§ss√§ meid√§t vakuutti sen pitk√§lle hiottu konsepti sek√§ valmius erityisesti julkisiin hankintoihin. K√§ytt√∂√∂notto oli helppoa ja koulutus tehokasta, joten p√§√§simme jatkamaan kilpailutuksia keskeytyksett√§. Lis√§ksi kokemuksemme tukipalveluista on erinomainen.‚Äù Matti T√§htinen, liiketoiminnan kehitysp√§√§llikk√∂, Fingrid ‚ÄùCloudia on meille aito kumppani‚Äù Saadaksemme selville, mit√§ asiakkaamme oikeasti meist√§ ajattelevat, mittaamme asiakkaidemme tyytyv√§isyytt√§ vuosittain. Joulukuussa 2020 toteutetun kyselyn tulosten perusteella asiakkaamme ovat erityisen‚Ä¶ Lue lis√§√§ Miksi ottaa toimittaja¬≠hallinta¬≠j√§rjestelm√§ k√§ytt√∂√∂n? Onko kumppaniverkoston tiedot organisaatiossanne usean asiantuntijan tai ostajan s√§hk√∂postissa? Kaipaatko Excel-taulukkoa parempaa ratkaisua kumppanien hallintaan? S√§hk√∂inen toimittajahallintaj√§rjestelm√§ tarjoaa helpon ja‚Ä¶ Lue lis√§√§ Organisaation osaset eiv√§t tied√§ toistensa tarpeista yht√§√§n mit√§√§n Mik√§li otsikon haaste tuntuu valitettavan tutulta, niin ei haittaa, sill√§ et ole yksin n√§iden asioiden kanssa. Tai tilannehan voi olla‚Ä¶ Lue lis√§√§ Avoin ty√∂paikka ‚Äì Talousp√§√§llikk√∂/Controller Haemme kasvavan ja kehittyv√§n liiketoimintamme tueksi Talousp√§√§llikk√∂√§/Controlleria itsen√§isiin, vastuullisiin ja monipuolisiin taloushallinnon teht√§viin. Toimit liiketoiminnan tukena talouteen liittyviss√§ asioissa.‚Ä¶ Lue lis√§√§ L√∂yd√§ tarvittava sopimustieto nopeasti ja vaivattomasti Allekirjoitetusta sopimuksesta ei ole paljon hy√∂ty√§, jos se ei ole l√∂ydett√§viss√§. Sopimushallinnan onnistumisen kannalta on ratkaisevan t√§rke√§√§ pysty√§ saavuttamaan kaikki‚Ä¶ Lue lis√§√§ Kaksi johtavaa hankintaratkaisujen tarjoajaa yhdist√§√§ voimansa ‚Äì Cloudiasta Mercellin tyt√§ryhti√∂ Norjalainen p√∂rssilistattu Mercell Holding ASA on tyt√§ryhti√∂ns√§ Mercell Midco AS:n kautta ostanut 100% Cloudia Oy:n osakkeista. Cloudia on jatkossa siten‚Ä¶ Lue lis√§√§ Avoin ty√∂paikka ‚Äì Full Stack Software Developer Haemme nyt riveihimme uusia (Senior) Full Stack Software Developereita. Tule mukaan ohjelmistokehitt√§j√§ksi kansainv√§listyv√§√§n, innovatiiviseen ja nuorekkaaseen joukkoomme osaksi Cloudian tuotekehitystiimi√§‚Ä¶ Lue lis√§√§ Paranna sopimusten toteuttamista tehokkaalla muutoksenhallinta¬≠prosessilla Tehokkaiden muutoksenhallintaprosessien avulla voit parantaa sopimusten toteuttamista, maksimoit sopimusten arvon sek√§ v√§henn√§t muutosprosessiin k√§ytetty√§ aikaa ja resursseja. Mit√§ tehd√§, kun‚Ä¶ Lue lis√§√§ Kuka, mit√§, milloin ja mist√§ osti? T√§m√§n p√§iv√§n organisaatioissa voisi kuvitella, ett√§ pelk√§st√§√§n lojaalius ja luottamus ajaa koko organisaation tekem√§√§n viisaita ostop√§√§t√∂ksi√§ ty√∂nantajan nimiss√§. T√§m√§ ei‚Ä¶ Lue lis√§√§ ‚ÄùCloudia on meille aito kumppani‚Äù Saadaksemme selville, mit√§ asiakkaamme oikeasti meist√§ ajattelevat, mittaamme asiakkaidemme tyytyv√§isyytt√§ vuosittain. Joulukuussa 2020 toteutetun kyselyn tulosten perusteella asiakkaamme ovat erityisen‚Ä¶ Lue lis√§√§ Miksi ottaa toimittaja¬≠hallinta¬≠j√§rjestelm√§ k√§ytt√∂√∂n? Onko kumppaniverkoston tiedot organisaatiossanne usean asiantuntijan tai ostajan s√§hk√∂postissa? Kaipaatko Excel-taulukkoa parempaa ratkaisua kumppanien hallintaan? S√§hk√∂inen toimittajahallintaj√§rjestelm√§ tarjoaa helpon ja‚Ä¶ Lue lis√§√§ Organisaation osaset eiv√§t tied√§ toistensa tarpeista yht√§√§n mit√§√§n Mik√§li otsikon haaste tuntuu valitettavan tutulta, niin ei haittaa, sill√§ et ole yksin n√§iden asioiden kanssa. Tai tilannehan voi olla‚Ä¶ Lue lis√§√§ Avoin ty√∂paikka ‚Äì Talousp√§√§llikk√∂/Controller Haemme kasvavan ja kehittyv√§n liiketoimintamme tueksi Talousp√§√§llikk√∂√§/Controlleria itsen√§isiin, vastuullisiin ja monipuolisiin taloushallinnon teht√§viin. Toimit liiketoiminnan tukena talouteen liittyviss√§ asioissa.‚Ä¶ Lue lis√§√§ L√∂yd√§ tarvittava sopimustieto nopeasti ja vaivattomasti Allekirjoitetusta sopimuksesta ei ole paljon hy√∂ty√§, jos se ei ole l√∂ydett√§viss√§. Sopimushallinnan onnistumisen kannalta on ratkaisevan t√§rke√§√§ pysty√§ saavuttamaan kaikki‚Ä¶ Lue lis√§√§ Kaksi johtavaa hankintaratkaisujen tarjoajaa yhdist√§√§ voimansa ‚Äì Cloudiasta Mercellin tyt√§ryhti√∂ Norjalainen p√∂rssilistattu Mercell Holding ASA on tyt√§ryhti√∂ns√§ Mercell Midco AS:n kautta ostanut 100% Cloudia Oy:n osakkeista. Cloudia on jatkossa siten‚Ä¶ Lue lis√§√§ Ota yhteytt√§ Nimi Nimi* S√§hk√∂posti S√§hk√∂posti* Yritys Yritys Puhelinnumero Puhelinnumero Viesti Viestisi GDPR consent Hyv√§ksyn tietosuojaselosteen ehdot. CLOUDIA Tietoa meist√§ Arvot ja visio Johtoryhm√§ Ty√∂paikat LIS√ÑTIETOA Medialle Yhteisty√∂kumppanit Tietosuojaseloste Tietopankki PYSY YHTEYDESS√Ñ Kirjaudu palveluihin Tilaa demo Tilaa prosessikartoitus Tilaa uutiskirje Linkedin Twitter Youtube Privacy Overview This website uses cookies to improve your experience while you navigate through the website. Out of these, the cookies that are categorized as necessary are stored on your browser as they are essential for the working of basic functionalities of the ... Necessary Always Enabled Non-Necessary"
10938641;https://www.combitech.fi/;Combitech Oy;security,software;Combitech Tuotteet ja palvelut Ura Combitechilla Tietoja meist√§ N√§kemyksi√§ Yhteystiedot COUNTRIES TUOTTEEMME Tietoj√§rjestelmi√§ vaativiin olosuhteisiin Lue lis√§√§ PALVELUMME Monipuolisena tukena puolustuksen j√§rjestelmien elinkaaressa Lue lis√§√§ URA COMBITECHILLA Kiinnostunut urasta Combitechilla? Tutustu mahdollisuuksiin TARJONTAMME Elektroninen Sodank√§ynti Elektronisen sodank√§ynnin j√§rjestelmi√§ kattavaan toimintaan Lue lis√§√§ Integraatiot J√§rjestelmien elinkaaren varmistamista kustannustehokkaasti Lue lis√§√§ Logistiikka ja yll√§pito Kattavaa toimintakyvyn tilannekuvaa ja huollon teko√§lyavusteista optimointia Lue lis√§√§ Tilannekuva ja johtaminen Johtamisj√§rjestelmi√§ laadukkaan p√§√§t√∂ksenteon tueksi Lue lis√§√§ Koulutus ja simulaatiot J√§rjestelmi√§ ja yll√§pitoa vuosien ajan puolustuskoulutuksen tueksi Lue lis√§√§ Palvelut Asiantuntijoidemme vuosien kokemus puolustusalalta tukenasi Lue lis√§√§ Tuotteet ja palvelut Kyberturvallisuus MEILT√Ñ L√ñYD√ÑT RATKAISUT DIGITALISAATION TURVAAMISEEN MSS, SIEM, SOC. Tuotteet ja palvelut TIETOJ√ÑRJESTELMI√Ñ JA ASIANTUNTIJAPALVELUITA VAATIVIIN OLOSUHTEISIIN TARJONTA Press COMBITECH OY MYY SIEM- JA SOC-LIIKETOIMINTANSA INSTA DEFSECILLE PRESS Kumppanuus COMBITECH JA PUOLUSTUSVOIMAT TIIVIST√ÑV√ÑT YHTEISTY√ñT√Ñ TIEDOTE Jose MERKITYKSELLISEN TY√ñN ARVO URATARINA Combitech AB Combitech AB √Ökerlundinkatu 11 33100 Tampere +358 2079 60600 solutions@combitech.com Tiedot Yhteystiedot Myynti Avoimet ty√∂paikat Blogi & Uutiset Maat combitech.com Combitech.se Watchcom.no (Norja) Combitech.dk (Tanska) GDPR / Policies Privacy policy Cookie policy
29451104;https://www.meita.fi/;Meid√§n IT ja talous Oy;financial,software;Navigaatio Hypp√§√§ sis√§lt√∂√∂n MEITA Navigaatio Palvelut Yhti√∂mme Ty√∂paikat Asiakaspalvelu Blogit Efetta Etusivu - Meita TY√ñP√ÑIV√ÑSI TAUSTAVOIMA Meid√§n IT ja talous Oy - tuttavallisesti Meita - on monipuolinen ja luotettu IT:n ja taloushallinnon kumppani, jonka teht√§v√§n√§ on vapauttaa aikasi olennaiseen. Panostamme asiakasl√§ht√∂iseen palveluun, avoimeen yhteisty√∂h√∂n ja vahvaan asiantuntemukseen. Haluamme tehd√§ ty√∂mme niin hyvin, ett√§ olemassaoloamme tuskin huomaa. Omistaja-asiakkaitamme ovat Etel√§- ja Pohjois-Karjalan sek√§ Etel√§-Savon kunnat, kuntatoimijat ja sairaanhoitopiirit. Viiveet√∂nt√§ palvelua TALOUSPALVELUT IT-PALVELUT J√ÑRJESTELM√ÑPALVELUT HENKIL√ñST√ñHALLINNON PALVELUT PROJEKTI- JA ASIANTUNTIJAPALVELUT KAIKKI YHTEYSTIEDOT ANNA PALAUTETTA Haluatko meille t√∂ihin? Meitalla p√§√§set tekem√§√§n arvokasta ty√∂t√§ kuntalaisten hyv√§ksi. Tarjoamme modernin ja kehittyv√§n ty√∂yhteis√∂n. Tutustu avoimiin paikkoihimme. TY√ñPAIKAT TY√ñP√ÑIV√ÑSI TAUSTAVOIMA. Toimivat, nopeat ja turvalliset tieto- ja taloushallinnon palvelut. Meid√§n IT ja talous OyY-tunnus 2945110-4meita.hallinto@meita.fiTietosuojaEsitteemme Vaihdepuh. 013 339 0000 S√§hk√∂postiosoitteet: etunimi.sukunimi@meita.fi PostiosoiteMeid√§n IT ja talous Oy Laserkatu 8 F 53850 Lappeenranta
24021375;https://enersense.fi/;Empower IN Oy;energy,software;Skip to content Kirjaudu Suomi Enersense logo 2020 PALVELUT Connectivity Suunnittelu Rakentaminen Liittym√§- ja laiteasennukset Huolto ja yll√§pito Power Suunnittelu- ja asiantuntijapalvelut Rakentaminen K√§ytt√∂- ja kunnossapito Tuulivoima S√§hk√∂isen liikenteen latausj√§rjestelm√§t Smart Industry Kunnossapidon ulkoistukset Huoltokeskuspalvelut Energiamittarointipalvelut Vuosi- ja k√§ynninaikaiset huollot Ter√§s- ja putkistoty√∂t Pintak√§sittelyty√∂t Projektit International Operations Estonia, Tallinn Latvia, Riga Lithuania, Vilnius United Kingdom, London Germany, N√ºrnberg France, Paris Innovations EmSite Telco AVOIMET TY√ñPAIKAT TIETOA MEIST√Ñ YHTEYSTIEDOT Yleiset yhteystiedot Toimipisteet Laskutusosoitteet Rekrytoinnin yhteystiedot AJANKOHTAISTA Sijoittajalle Enersense sijoituskohteena Toimitusjohtajan katsaus Avainluvut Taloudellinen ohjeistus Liiketoiminta Strategia Toimintaymp√§rist√∂ Vastuullisuus Vastuullisuus Osakeanti 2021 Osakeanti 2021 Listautumisanti 2018 Listautumisanti 2018 Osake Osakkeen perustiedot Osakemonitori Suurimmat osakkeenomistajat Liputukset Hallituksen valtuutukset Hallinnointi Yhti√∂kokous Osakkeenomistajien nimitystoimikunta Hallitus Hallituksen valiokunnat Johtoryhm√§ Palkitseminen Sis√§piirihallinto Tilintarkastus Riskit ja riskienhallinta Yhti√∂j√§rjestys Tiedotteet ja julkaisut Tiedotteiden tilaus Raportit ja esitykset Videot Sijoittajakalenteri ja -yhteystiedot Sijoittajakalenteri Tiedonanto¬≠politiikka Analyytikot IR yhteystiedot Making a zero-emission society a reality. Lue lis√§√§ P√§√§st√∂tt√∂m√§t energiaratkaisut Olemme p√§√§st√∂tt√∂mien energiaratkaisujen toteuttaja. Enersense on vahvasti mukana mahdollistamassa p√§√§st√∂t√∂nt√§ yhteiskuntaa toimimalla murroskauden suunnann√§ytt√§j√§n√§. Mahdollistamme monipuolisilla palveluillamme pohjoismaisten ja kansainv√§listen teollisuus-, energia-, tietoliikenne ja rakennusalan yhti√∂iden menestymisen. Tavoitteenamme on olla asiakkaidemme ensisijainen ja monipuolinen kumppani energia-alan murroksessa. Kest√§v√§mp√§√§ ja puhtaampaa tulevaisuutta rakentamassa meill√§ ty√∂skentelee noin 2 400 enersensel√§ist√§ 40 eri maassa. Uusimmat tiedotteet P√ñRSSITIEDOTE|4.10.2021 Enersense p√§ivitt√§√§ tiedonantopolitiikkaansa P√ñRSSITIEDOTE|4.10.2021 Enersense ostaa merituulivoimaan erikoistuneen Pori Offshore Constructions Oy:n osakekannan P√ñRSSITIEDOTE|24.9.2021 Enersense International Oyj ‚Äì Johdon liiketoimet ‚Äì MB√Ö Invest Oy LEHDIST√ñTIEDOTE|22.9.2021 Enersense on voittanut Fingridin tarjouskilpailun koskien Pyh√§nselk√§-Raahe v√§lill√§ toteutettavia voimajohtoj√§rjestelyit√§ P√ñRSSITIEDOTE|14.9.2021 Enersense International Oyj ‚Äì Johdon liiketoimet ‚Äì MB√Ö Invest Oy P√ñRSSITIEDOTE|14.9.2021 Enersense International Oyj: Arvopaperimarkkinalain 9 luvun 10 ¬ß:n mukainen liputusilmoitus Katso kaikki tiedotteet Teollisuusalan, energia-alan, rakennusalan ja tietoliikennealan ammattilaiset T√∂ihin Enersenseen Olemme rohkea joukko teollisuus-, energia-, rakennus- ja tietoliikennealan ammattilaisia. Tarjoamme mielenkiintoisia ty√∂mahdollisuuksia yhdest√§ p√§iv√§st√§ vuosien mittaisiin projekteihin sek√§ vakituisiin teht√§viin. Liity joukkoon! Lue lis√§√§ Ajankohtaista TARINAT|15.10.2021 Rekrytointitiimiss√§ ty√∂skentelev√§ Sanna Uronen syttyy mielenkiintoisista ihmisist√§ ja urapoluista TARINAT|11.10.2021 Uutta Enersense√§ tuodaan esiin br√§ndikuvausten kautta TARINAT|7.10.2021 Yhdysvaltain laivaston palveluksesta Enersensen turvallisuusp√§√§llik√∂ksi Katso kaikki Enersense Connectivity mobiiliverkon ja kiinte√§n verkon palvelut PALVELUT Connectivity Autamme asiakkaitamme toimittamaan mobiiliverkon ja kiinte√§n verkon palveluita sek√§ varmistamaan niiden toimivuuden. Olemme mukana tietoliikenneverkkojen kaikissa elinkaaren vaiheissa ja vastaamme kiinteiden ja langattomien tietoliikenneverkkojen suunnittelusta, rakentamisesta ja yll√§pidosta. Lue lis√§√§ Voimansiirtoverkkojen, s√§hk√∂asemien ja tuulivoimapuistojen suunnittelu, rakentaminen ja kunnossapito PALVELUT Power Autamme asiakkaitamme toteuttamaan energiamurrosta energiasektorin koko elinkaaren kattavilla palveluilla. N√§ihin kuuluvat voimansiirtoverkkojen ja s√§hk√∂asemien sek√§ tuulivoimapuistojen suunnittelu, rakentaminen ja kunnossapito. Lis√§ksi liiketoiminta toimittaa ratkaisuja s√§hk√∂isen liikenteen latausj√§rjestelmiin sek√§ s√§hk√∂n varastointiin. Lue lis√§√§ Tuotantolaitosten k√§ytt√∂varmuuden parantamista ja kunnossapidon tehostamista PALVELUT Smart Industry Smart Industry -liiketoiminnassa autamme asiakkaidemme tuotantolaitosten k√§ytt√∂varmuuden parantamisessa ja kunnossapidon tehostamisessa. Lue lis√§√§ Enersensen kansainv√§liset toiminnot Baltian maissa, Iso-Britanniassa, Saksassa ja Ranskassa PALVELUT International Operations International Operations -liiketoiminta kattaa Enersensen kansainv√§liset toiminnot Baltian maissa, Isossa-Britanniassa, Saksassa sek√§ Ranskassa. Lue lis√§√§ EmSite Telco ‚Äì et√§valvonta- ja ohjausj√§rjestelm√§ tietoliikennetiloille PALVELUT Innovations Lue lis√§√§ Asiakkaitamme logo Adven logo W√§rtsil√§ logo Valmet logo Tecnicas Reunidas logo Mitsubishi logo Stora Enso logo Siemens logo Netel logo Samsung logo RMC logo Outotec logo Nornickel Harjavalta logo Neste logo Ashland - always solving logo BL Harbert logo Borealis logo Fingrid logo First Quantum - Minerals Ltd. logo Hitachi logo Mets√§ logo Bilfinger logo Areva logo Arctech - Helsinki Shipyard Enersense tuulivoimapuisto Enersense Enersense on p√§√§st√∂tt√∂mien energiaratkaisujen toteuttaja. Mahdollistamme monipuolisilla palveluillamme teollisuus-, energia-, tietoliikenne ja rakennusalan yhti√∂iden menestymisen. Tarjoamme mielenkiintoisia ty√∂mahdollisuuksia rohkeille ammattilaisille. Lue lis√§√§ Enersense logo white Enersense on p√§√§st√∂tt√∂mien energiaratkaisujen toteuttaja. Mahdollistamme monipuolisilla palveluillamme teollisuus-, energia-, tietoliikenne- ja rakennusalan yhti√∂iden menestymisen. Tarjoamme mielenkiintoisia ty√∂mahdollisuuksia rohkeille ammattilaisille. Sis√§lt√∂ Palvelut Connectivity Power Smart Industry International Operations Innovations Avoimet ty√∂paikat Tietoa meist√§ Yhteystiedot Toimipisteet Laskutusosoitteet Sijoittajalle Ota yhteytt√§ Enersense International Oyj Konepajanranta 2 FI-28100, Pori, Finland +358 29 020 011 info@enersense.com Enersense E-Sense Support +358 10 292 6230 support@e-sense.eu Contact Recruitment recruitment@enersense.com Seuraa meit√§ facebook twitter linkedin instagram Verkkosivujen tietosuojaselosteTietosuojaseloste asiakkaille ja yhteisty√∂kumppaneilleTietosuojaseloste ty√∂ntekij√∂ille Copyright 2021 Enersense. All rights reserved.
24021383;https://enerim.com/fi;Enerim Oy;energy,software;Ratkaisut Ohjelmistot Yritys Ty√∂paikat Ota yhteytt√§ Powering the change Kest√§vi√§ liiketoimintamahdollisuuksia energia-alan murroksessa. Ratkaisumme Tarjoamme laajan valikoiman ohjelmistoa sek√§ palveluita s√§hk√∂- ja kaasumarkkinoille, sek√§ kaukol√§mp√∂-, j√§√§hdytys- ja vesiyhti√∂ille. Missiomme on tuottaa asiakkaillemme tehokkuutta, joustavuutta ja kilpailukyky√§, sek√§ yksinkertaistaa ja optimoida asiakkaidemme toimintaa energiamarkkinoilla. Jakelu ja siirto S√§hk√∂verkko Energian v√§hitt√§ismyynti T√∂iss√§ Energian tuotanto Tuulivoimala Energian tukkukauppa Teolliset ja kaupalliset kuluttajat Energia- ja joustopalvelujen tuottajat Asiakkaamme Monimutkaisten muutosten asiantuntija Luodaan yhdess√§ kest√§v√§√§ tulevaisuuden liiketoimintaa energiatoimialalla koko yhteiskuntamme hyv√§ksi. Lue lis√§√§: Meist√§ Maailma ansaitsee kest√§vi√§ energiaratkaisuja Rakennamme yhdess√§ asiakkaidemme kanssa vastuullisempaa toimintaymp√§rist√∂√§ energia-alan murroksessa. Lue lis√§√§: Vastuullisuus Enerim Oy Valimotie 16 FI-00380 Helsinki info@enerim.com 029 020 9000 Tietosuoja LinkedIn
16056244;https://www.elmo.fi/;ICT Elmo Oy;ict;Skip to content Home page Morjens! Tarjoamme t√§ydelliset ICT-palvelut Meid√§n yrityksemme tekee teid√§n yrityksest√§nne paremman. Tampere ‚Äì Helsinki ‚Äì Turku Miten voisimme palvella? avain ikoni ICT-palvelut Kehittyv√§ ja hoidettu IT-ymp√§rist√∂ tietoturvasta pilvipalveluihin, yrityksesi liiketoiminnan tueksi. ‚ûî mitali ikoni Asiantuntijat Projektikohtainen konsultointi, koulutus ja operatiivinen apu ICT:n huippuasiantuntijoilta. ‚ûî tietokone ikoni Laitteet Oikein valitut laitteet sek√§ ohjelmistot, elinkaaripalveluna hankinnasta kierr√§tykseen. ‚ûî The  Way Me Elmolla ajattelemme kaiken asiakkaan n√§k√∂kulmasta. Teemme asioita rohkeasti, uskomme luottamukseen perustuvaan toimintakulttuuriimme ja vannomme avoimuuden nimeen. Asiakaskokemus ja henkil√∂st√∂kokemus ovat kaiken keskell√§. Tervetuloa mukaan! Kumppanuustarinoita A-Insin√∂√∂rien Risto Tulenheimo ja Elmon toimitusjohtaja Janne Aaltonen IT-allianssiReferenssi 11.5.2020 A-Insin√∂√∂rit Oy Allianssi vaatii poikkeuksellista rohkeutta sek√§ tilaajalta ett√§ toimittajalta, ja on sit√§ mit√§ kutsutaan kumppanuudeksi isolla K:lla Lue tarina Kaksi miest√§Referenssi 22.10.2020 Kopar Oy ICT-ulkoistus on kumppanin p√§√§st√§mist√§ rattiin. Lue tarina Patria teki sopimuksen 2 800 hengen organisaationsa Service Desk -toimintojen siirt√§misest√§ ElmolleReferenssi 23.5.2019 Patria Oyj Elmo laati yhteisty√∂lle roadmapin, joka pyyhki p√∂yt√§√§ kilpailijoiden vastaavilla esityksill√§! Lue tarina Me olemme Meid√§t erottaa muista ennen kaikkea asenne. Ja ihmiset, joiden kanssa on aidosti hyv√§ tehd√§ t√∂it√§. Osaamme IT-jargonia, mutta emme puhu sit√§. Asiakkaat kertovat Kilauta tai kirjoita Kumppanuus on sit√§, ett√§ ajattelee kaiken aina asiakkaan n√§k√∂kulmasta ja ennakoi my√∂s tulevia tarpeita. Ollaan yhteydess√§! Yritykset 03 455 2000 Verkkokauppa Elmon verkkokauppa on markkinoiden yksil√∂llisin ja kattavin. Se on suunnattu yli 10 henke√§ ty√∂llist√§ville yrityksille tai organisaatioille, joilla on toistuvia laitetarpeita ja halu hoitaa tilaukset ripe√§sti. Elmo Tampere Patam√§enkatu 18 33900 Tampere 1605624-4 Elmo Helsinki Etel√§esplanadi 2 00130 Helsinki Elmo Turku Joukahaisenkatu 6 20520 Turku ¬© ICT Elmo Oy Kiwa certified logo Korkein luottoluokitus logo Asiakaspalvelu Kilauta 03 455 2000 Kirjoita yritysasiakaspalvelu@elmo.fi Tuki & h√§iri√∂t 03 455 4000  & yritystuki@elmo.fi LinkdeIn logo   Facebook logo Palvelulinkkej√§ Tietosuojaseloste Sopimusehdot
15978503;https://www.insta.fi/;Insta Advance Oy;security,software;Insta Palvelut Toimialat Referenssit Ura Installa Ajankohtaista N√§kemykset ja blogit Meist√§ Yhteystiedot Open search EN HUOLEHDIMME ASIAKKAAN HUOMISESTA Meihin on lupa luottaa. TUTUSTU INSTAAN TY√ñNANTAJANA Olemme vahvojen arvojen suomalainen perheyritys globaalissa ymp√§rist√∂ss√§, ja toimineet jo 60 vuotta turvallisen ja kilpailukykyisen yhteiskunnan hyv√§ksi. Ihmiset, osaaminen ja vastuullisuus ovat se perusta, jonka pohjalta palvelemme asiakkaidemme luotettuna kumppanina my√∂s huomenna. HAE PALVELUA, IHMISI√Ñ TAI ARTIKKELIA Search icon KEST√ÑV√Ñ√Ñ JA √ÑLYK√ÑST√Ñ ENERGIAA Turvaa energiantuotannon ja -jakelun toiminta, minimoi ymp√§rist√∂vaikutukset ja tehosta prosesseja √§lykk√§ill√§ automaatio- ja  digitalisaatioratkaisuilla. LATAA  E-KIRJA Ajankohtaista KATSO KAIKKI Suojaa kriittiset resurssit ja varmista kyberturvainvestointien kannattavuus Kyberturvaoppaamme avulla onnistut kyberturvastrategian luomisessa sek√§ kriittisten resurssien suojaamisessa LATAA OPAS N√§kemyksi√§ LUE LIS√Ñ√Ñ N√ÑKEMYKSI√ÑMME Harjoitustoiminta tukee organisaatioiden kybervarautumista Puolustus 4.0: tulevaisuuden modernit puolustusratkaisut Asiakastarinoita LIS√Ñ√Ñ ASIAKASTARINOITA Liity Instan perheeseen ja tule mukaan rakentamaan luotettavaa ja kilpailukykyist√§ yhteiskuntaa Insta on ty√∂paikka, joka on luottamuksesi arvoinen TUTUSTU INSTAAN TY√ñNANTAJANA Kuinka voimme palvella? L√§het√§ meille viesti oheisella lomakkeella. Vastaamme sinulle mahdollisimman nopeasti. ETUNIMI SUKUNIMI S√ÑHK√ñPOSTIOSOITE* PUHELIN KUINKA VOIMME PALVELLA? Insta Group tarvitsee antamiasi yhteystietoja ottaakseen sinuun yhteytt√§ tuotteita ja palveluita koskevissa asioissa. Voit perua n√§m√§ viestint√§asetukset koska tahansa. Lis√§tietoa tietosuojak√§yt√§nn√∂ist√§ ja siit√§, miten olemme sitoutuneet suojelemaan yksityisyytt√§si, saat tietosuojaselosteesta. Insta TUTUSTU INSTAAN TY√ñNANTAJANA Insta Group Oy Sarankulmankatu 20 (PL 80) 33901 Tampere +358 20 771 7111 Kaikki toimipisteet Tietosuojaseloste Ura Installa Tietoa meist√§ Toimialat Elintarviketeollisuus Energiantuotanto ja -jakelu Ilmailu Julkishallinto Kaivannaisteollisuus Kappaletavarateollisuus Kemianteollisuus Kone- ja laitevalmistus Meriteollisuus Mets√§teollisuus N√§ytt√§m√∂mekaniikka Prosessiteollisuus Puolustus Vesihuolto Palvelut Automaatio ja s√§hk√∂istys Teollinen digitalisaatio Ilmailuratkaisut Kyberturvallisuus Johtamisj√§rjestelm√§t ja tilannekuvaratkaisut Turvallinen yhteiskunta Seuraa meit√§ Facebook YouTube LinkedIn instagram-1 Sertifikaatit ISO 9001 AQAP 2110 ISO 27001 ISO 45001 AAA-logo-2021-ENG-transparent_small Bisnode-DnB-riskiluokka-1-logo-2021-transparent
22926330;https://www.istekki.fi/;Istekki Oy;ict;Siirry sis√§lt√∂√∂n Etusivu Asiakasomistajamme Istekki Palvelut Asiakastarinat Ura Istekiss√§ Ota yhteytt√§ KOSKETAMME YLI 2 MILJOONAN IHMISEN EL√ÑM√Ñ√Ñ KOSKETAMME YLI 2 MILJOONAN IHMISEN EL√ÑM√Ñ√Ñ KOSKETAMME YLI 2 MILJOONAN IHMISEN EL√ÑM√Ñ√Ñ 012 Olemme joukko julkisten teknologiaratkaisujen asiantuntijoita. Toimimme yhteiskunnan taustavoimina kehitt√§m√§ll√§ informaatio- ja teknologiapalveluita kunnille sek√§ terveyden ja hyvinvoinnin sektorille. Teht√§v√§mme on rakentaa uutta digitaalista huomista ja auttaa asiakasomistajiamme menestym√§√§n. Istekki Oy Oulun kaupungin ICT-palvelukumppaniksi Istekin toiminta laajenee Pohjois-Suomessa. Lue lis√§√§ Istekki ja Puolustusvoimat yhteisty√∂h√∂n ICMT-ratkaisuissa Puolustusvoimat on kartoittanut soveltuvia kumppaneita ja p√§√§tt√§nyt liitty√§ Istekin asiakasomistajaksi. Lue lis√§√§ Uratarina: Tietoliikenneasiantuntija Niko Niko Ruotsalainen ty√∂skentelee tietoliikenneasiantuntijana Istekin K√§ytt√∂palveluissa. Lue lis√§√§ 11 KUNTAA 5 KAUPUNKIA 7 SAIRAANHOITOPIIRI√Ñ 21 YRITYST√Ñ JA KUNTAYHTYM√Ñ√Ñ Olemme julkisomisteinen osakeyhti√∂, jossa omistajina ovat kunnat, kuntayhtym√§t ja omistajien strategiset kumppanit. Tarjoamme omistaja-asiakkaillemme strategista kumppanuutta ja kilpailukykyisi√§ palveluja sek√§ asiantuntijayhteis√∂n, jolla on laajaa ydinosaamista julkishallinnon ja terveydenhuollon teknologiaratkaisuista. Katso kaikki omistajamme Tiesitk√∂? Istekki yll√§pit√§√§ yli 40 000 ty√∂asemaa. Tiesitk√∂? Istekki yll√§pit√§√§ yli 1000 sovellusta l√§hes 100 asiantuntijan voimin. 01 avainlippu.pngInnostavain ty√∂paikkayhteiskunnallinen_yritys.svg Istekki Oy Istekki Oy 017 618 0700 Kaikki yhteystiedot linkedin facebook twitter Kuopio Viestikatu 7 A 70600 Kuopio 017 618 0700 Huoltopalvelu KYS / Puijon sairaala Puijonlaaksontie 2 Rak 12, T-k√§yt√§v√§ 1.kerros 70210 Kuopio 017 2580 672 Tampere Biokatu 10 FM3, 1. krs ja 5. krs 33520 Tampere Jyv√§skyl√§ Istekki Oy Pajatie 7 40630 Jyv√§skyl√§ Oulu Kiviharjunlenkki 1 B 90220 Oulu ¬© 2019 Istekki Oy Rekisteriselosteet K√§ytt√∂ehdot Sivukartta Sertifikaatit ja laatu kiwa certified ISO 13485 inspecta iso 20000-1 inspecta iso 9000
11073475;https://finda.fi/;Finda Oy;finance;Finda Oy ETUSIVU YRITYS OMISTAJILLE UUTISET YHTEYSTIEDOT FI / EN FINDA ESITTELY HISTORIA Findan yli 130-vuotinen historia ulottuu puhelimen Suomeen tulon alkujuurille 1870-luvulla. STRATEGIA Finda‚Äìkonserni on aktiivinen omistaja, joka pyrkii toiminnallaan edist√§m√§√§n omistaja-arvon kasvua ja hyv√§√§ vuosittaista osingonmaksua. OMISTUKSET Finda-konsernilla on merkitt√§vi√§ omistuksia televiestinn√§n toimialalla. Omistajille Tietoa osakkeesta Finda Oy:n osakkeet on kirjattu arvo-osuusj√§rjestelm√§√§n, eik√§ yhti√∂ll√§ ole osakekirjoja. Osake ei ole julkisesti noteerattu. LUE LIS√Ñ√Ñ Suurimmat omistajat Findan kymmenen suurinta omistajaa omistavat yhteens√§ 52,5% osakkeista. LUE LIS√Ñ√Ñ Corporate Governance Finda Oy:n hallinnoinnissa noudatetaan osakeyhti√∂lakia ja muuta voimassa olevaa lains√§√§d√§nt√∂√§ sek√§ yhti√∂j√§rjestyst√§. LUE LIS√Ñ√Ñ 2 syyskuun OMIEN OSAKKEIDEN HANKINTA FINDA ALOITTAA OMIEN OSAKKEIDEN HANKINNAN Findan hallitus on tehnyt yhti√∂kokouksen 26.3.2021 antaman valtuutuksen perusteella p√§√§t√∂ksen aloittaa omien osakkeiden hankkiminen... 26 maaliskuun FINDA OY:N VARSINAISEN YHTI√ñKOKOUKSEN P√Ñ√ÑT√ñKSET Finda Oy:n varsinainen yhti√∂kokous pidettiin 26.3.2021 Helsingiss√§. Koronaviruspandemian vuoksi yhti√∂kokouksen osallistujam√§√§r√§ oli v√§h√§inen ja kokous pidettiin lyhyen√§ ja vain... 22 maaliskuun FINDA SIJOITTAA PADEL-LIIKETOIMINTAAN Finda sijoittaa padelhalleja py√∂ritt√§v√§√§n Padel Sports Oy:hyn ja edesauttaa yrityksen voimakasta laajentumista. Padel Sports aikoo avata markkinointinimens√§ Padel Club... PL 226 00101 Helsinki +358 44 728 8887 info@finda.fi design by S.E.V.I.
1144487;https://stt.fi/;Stt;news;"FI SV EN HAKU KIRJAUDU:> Mediapankki > STT Pro > STT Info > Kuvakauppa STT YRITYS STT JOHTO JA OMISTAJAT TIEDOTTEET PALVELUTTYYLIKIRJAUUTISETYHTEYSTIEDOTAJANKOHTAISTA kolmio ikoni YLEIST√Ñ IDEASTA JUTUKSI VIIVASTA LOPPUVERSIOON JUTUN KIELI JA SIS√ÑLT√ñ KUVITUS NIMIOHJE SANASTOT TOIMITTAJAN ETIIKKA JA JURIDIIKKA MODEROINTI POHJOISMAISEN KUVAN KOTI Pohjoismaisuus on Lehtikuvan kuvatarjonnassa l√§sn√§ monella tapaa. Pohjoismainen ilme n√§kyy niin luontokuvissa kuin arjen, perinteiden ja liike-el√§m√§n kuvituksessa. Siirry Lehtikuvan kuvakauppaan VIIMEISIMM√ÑT JULKAISUT Lehtikuva 70 vuotta: Aitiopaikalla arjessa ja uutistapahtumien vilskeess√§ P√§iv√§lehden museossa aukeaa marraskuussa 2021 Lehtikuvan 70-vuotisjuhlan√§yttely, joka esittelee kuvatoimiston vaiherikasta historiaa. N√§yttelyn kantavia teemoja ovat muutos ja arki. Tero Malinen 7. lokakuuta 2021 STT:n hybridity√∂mallin suuntaviivat selvill√§ Koronaepidemian vuoksi STT:n uutistuotantoa on py√∂ritetty pitk√§lti et√§ty√∂j√§rjestelyin kev√§√§st√§ 2020 l√§htien. Nyt uutistoimistossa valmistaudutaan paluuseen Ruoholahden toimitukseen osana hybridity√∂mallia. Tero Malinen 22. syyskuuta 2021 Kaikki julkaisut STT Pro: median tapahtumatiedot viestinn√§n ammattilaisille Tied√§ ennakkoon, mist√§ tapahtumista STT tulee uutisoimaan. Ajoita oma toimintasi tulemalla sopivassa imussa julkisuuteen omalla viestill√§. N√§e julkisuuden ruuhka-ajat: p√§iv√§t, jotka ovat jo t√§ynn√§ journalisteja kiinnostavia tapahtumia. Tutustu t√§st√§ STT Pro -tapahtumatietopalvelun perusn√§kym√§ tietokoneen, matkapuhelimen ja tabletin n√§yt√∂ill√§. STT on yksi maailman vanhimmista uutistoimistoista Suomen Tietotoimiston historian katsotaan alkavan vuodesta 1887, jolloin perustettiin yritys nimelt√§ Suomen S√§hk√∂sanomatoimisto. Nykyisen nimens√§ Suomen Tietotoimisto uutistoimisto sai vuonna 1915. STT on siis vanhempi kuin itsen√§inen Suomi. Vuonna 2010 STT osti kuvatoimisto Lehtikuvan. My√∂s Lehtikuvan historia on pitk√§, sill√§ yritys oli perustettu vuonna 1951 Helsingin vuoden 1952 kes√§olympialaisia varten. Kahden perinteikk√§√§n toimijan yhdistyminen synnytti Suomen uutiskent√§lle t√§yden palvelun uutistoimiston, joka on t√§ynn√§ tiedon ammattilaisia. Uutistoimistossa ty√∂skentelee journalisteja kaikkina vuorokauden aikoina. Y√∂aikaan toimittajat uutisoivat Suomen ja maailman tapahtumista Australiassa. STT:n uutiset lehdiss√§, verkossa ja somessa pit√§v√§t jokaisen ajan tasalla. H√§lytyspalvelut her√§tt√§√§ asiakkaan, kun uutistilanne niin vaatii. Suunnittelupalveluiden asiakkaat puolestaan tiet√§v√§t, mit√§ tapahtuu huomenna ja viikon p√§√§st√§. Miten voimme auttaa? Haluatko tiet√§√§, mit√§ maailmassa tapahtuu 24 tuntia vuorokaudessa, 365 p√§iv√§√§ vuodessa? Tahdotko tiet√§√§, mit√§ sinusta kirjoitetaan? Onko sinulle t√§rke√§√§ luottaa siihen, mit√§ luet, n√§et ja kuulet? Kaipaatko sis√§lt√∂√§ yrityksesi verkkosivuille? Etsitk√∂ historiallista arkistokuvaa? Onko sinulla dataa tai materiaalia, joka kaipaisi viestinn√§n ammattilaisen k√§sittely√§? Askarruttavatko kuvien k√§ytt√∂oikeudet? Tutustu palveluihimme STT:n asiakkaita ovat kaikki suomalaiset Aineistomme tekstin tai kuvan muodossa tavoittaa kaikki suomalaiset merkitt√§vimm√§t mediat. Kuka tahansa on sit√§ kautta meid√§n asiakkaamme. Mediapalvelut Mediapalveluiden asiakkaat ovat julkaisijoita, joilla on kerrottavaa. Heille t√§rke√§√§ on luotettava tiedonv√§litys ja ammattimainen journalistinen sis√§lt√∂. Media- ja viestint√§talojen lis√§ksi sellainen on esimerkiksi MSN, jolla on oma uutisportaali. Viestint√§palvelut STT Viestint√§palveluiden asiakkaina on yrityksi√§ ja organisaatioita, jotka viestint√§palveluiden avulla kertovat omaa tarinaansa kohdeyleis√∂illeen (tiedotejakelu ja uutishuone), hankkivat n√§kyvyytt√§ ja tekev√§t strategista ja suunnitelmallista viestinn√§n ajoittamista (STT Pro). Kuvamyynti Kuvamyynnin asiakkaita puolestaan ovat kaikki kuvank√§ytt√§j√§t kuten mediat, j√§rjest√∂t, yritykset, kustantamot ja mainostoimistot. Asiakkaita voivat olla my√∂s uudet verkossa toimivat sivustot, bloggaajat ja tulevaisuuden uusien julkaisumuotojen kuvank√§ytt√§j√§t. Oy Suomen Tietotoimisto - Finska Notisbyr√•n Ab Ty√∂ntekij√∂it√§ runsaat 120. Keskustoimitus sijaitsee Helsingiss√§, samassa rakennuksessa kuin Kauppakeskus Ruoholahti.Helsingin kartta, johon on merkitty STT:n toimitus Ruoholahdessa. Oma toimittaja Brysseliss√§ ja y√∂vuoroja hoitava toimitus Sydneyss√§, avustajia eri puolilla Suomea ja maailmaa. Maailmankartta, johon on merkitty STT:n toimipisteet Brysseliss√§ ja Sydneyss√§. 2019 tuhatta euroa Liikevaihto 8 927 Liikevoitto   237 Rahoituser√§t       2,5 Voitto ennen tilinp√§√§t√∂ssiirtoja ja veroja    240 Tilikauden voitto      198 Taseen loppusumma   5 840 STT logo (09) 6958 11 Porkkalankatu 20 A 00180 Helsinki Yhteystiedot STT viestint√§palvelu STT info Lehtikuva logo Vastuullistajournalismia Tilaa tekstiviestiuutiset Anna uutisvinkki Mediapankki Lehtikuvan kuvakauppa STT Uutiset STT Info Lehtikuvan vanhat kuvat @STTuutiset @STTtyylikirja @STTinfo @STTViestintap Instagram Tietosuojalauseke ¬© Suomen Tietotoimisto T√§m√§ sivusto k√§ytt√§√§ ev√§steit√§ parantaakseen k√§ytt√∂kokemustasi, kun selailet sivustoa. Painamalla ""hyv√§ksy"" hyv√§ksyt kaikki ev√§steet. Voit my√∂s m√§√§ritell√§ ev√§steasetukset tarkemmin kohdasta Asetukset. Lue lis√§√§ STT:n tietosuojak√§yt√§nn√∂ist√§ t√§√§lt√§. AsetuksetHYV√ÑKSY"
21619427;https://fi.3stepit.com/;3Step IT Oy;ict,leasing;3Step_Logo_Colour_RGB TIETOA MEIST√Ñ RATKAISUMME K√ÑYTETYT IT-LAITTEET LAITEHALLINTA MATERIAALI- PANKKI OTA YHTEYTT√Ñ Kirjaudu Hae sivustolta Teknologian elinkaaren hallinta Olemme suunnitelleet IT-laitteiden elinkaaren sinun puolestasi. Voit hankkia k√§ytt√∂√∂si IT-laitteita, hallita ja vaihtaa ne uusiin suunnittelemamme yksinkertaisen, tietoturvallisen ja vastuullisen ratkaisun avulla. Lue lis√§√§ arrow OLEMME SITOUTUNEET TAVOITTEISIIN Liiketoiminnallinen kannattavuus ja ymp√§rist√∂n hyvinvointi Haluamme rakentaa kest√§v√§mp√§√§ tulevaisuutta. Sellaista, jossa sin√§ voit ottaa k√§ytt√∂√∂n kaikki tarvitsemasi teknologiset laitteet juuri silloin kun niille on tarvetta. Jossa voit hallita ja seurata kaikkia k√§yt√∂ss√§si olevia IT-laitteita, minimoida niiden tietoturvariskit ja s√§√§st√§√§ samalla IT:n kokonaiskustannuksissa. Ja kun haluat eroon laitteista, se onnistuu tietoturvallisesti. Laitemuisti tyhjennet√§√§n ja laitteet kunnostetaan uusiok√§ytt√∂√∂n tai kierr√§tet√§√§n. N√§in autamme yhdess√§ alentamaan hiilidioksidip√§√§st√∂j√§ ja elektroniikkaromun m√§√§r√§√§. Ratkaisumme ansiosta t√§m√§ kaikki hoituu mahdollisimman helposti ja ymp√§rist√∂yst√§v√§llisesti. TODENNETTU RATKAISUMME Vastuullista teknologian elinkaaren hallintaa Perinteinen tapa hankkia teknologiaa ‚Äì osta, omista ja h√§vit√§ ‚Äì on tuhlaileva ja ep√§ekologinen. Tarjoamme sen sijalle √§lykk√§√§mp√§√§ tapaa k√§ytt√§√§ ja hallita IT-laitteita sek√§ p√§ivitt√§√§ vanhat laitteet uusiin. Lue lis√§√§ AJAN HERMOLLA IT-laitehallintaj√§rjestelm√§ Tehokas laitehallintaj√§rjestelm√§mme tarjoaa kaiken mit√§ tarvitset nopeamman ja √§lykk√§√§mm√§n p√§√§t√∂ksenteon tueksi. T√§ysin turvallinen ja sinun tarpeisiisi suunniteltu j√§rjestelm√§ kattaa kaikki IT-laitehallinnan tarpeet ja elinkaaren vaiheet. Perehdy aiheeseen syv√§llisemmin hero-platform-laptop-angle-cropped KUNNOSTUS, UUSIOK√ÑYTT√ñ, KIERR√ÑTYS REstepIT Ostamme organisaatiosi omistamat tarpeettomat IT-laitteet ja hoidamme tietojen tyhjennyksen sek√§ laitteiden k√§sittelyn puolestasi. Kun annamme laitteille uuden el√§m√§n, v√§henn√§mme p√§√§st√∂j√§ ja hillitsemme vauhdilla kasvavaa j√§tevirtaa. Lue lis√§√§ TYYTYV√ÑISI√Ñ ASIAKKAITAMME Liiketoiminnan tukena vuodesta 1997 TYYTYV√ÑISI√Ñ ASIAKKAITAMME Asiakkaamme kertovat YMP√ÑRIST√ñYST√ÑV√ÑLLINEN VALINTA Vastuullista teknologiaa Autamme yrityksi√§ ja organisaatioita ymp√§ri maailman hankkimaan ja k√§ytt√§m√§√§n tietotekniikkaa tavalla, joka on ymp√§rist√∂n kannalta kest√§v√§. Yhdess√§ v√§henn√§mme e-j√§tteen ja hiilidioksidip√§√§st√∂jen m√§√§r√§√§ dramaattisesti. Syvenny aiheeseen ASIANTUNTIJAMME √Ñ√ÑNESS√Ñ Tuoreimmat havainnot ja n√§kemykset Blogeissamme asiantuntijamme jakavat niin omia mietteit√§√§n kuin k√§yt√§nn√∂nl√§heisi√§ vinkkej√§ asiakkaillemme ja yhteisty√∂kumppaneillemme. Tietoa, joka tuottaa lis√§arvoa liiketoiminnallesi. YRITYS Haluamme asettaa asiakkaamme aina keski√∂√∂n Asiakaspalvelu on toimintamme ytimess√§ ja teemme jatkuvasti ty√∂t√§ sen eteen, ett√§ kaikissa... Lue lis√§√§ Toimiva oppimisymp√§rist√∂, opetusteknologian hankinnat ja budjetointi ICT-laitteiden elinkaarimalli kasvattaa jatkuvasti suosiotaan oppilaitosten keskuudessa. T√§m√§ on... Lue lis√§√§ VASTUULLISUUS Kiertotalouden kiinnostavimmat 2.1 -lista on t√§√§ll√§ ‚Äì ja me olemme mukana Sitra julkaisi Kiertotalouden kiinnostavimmat 2.1 -listansa, ja saimme iloksemme kuulla, ett√§... Lue lis√§√§ Tutki lis√§√§ SINUA VARTEN Tervetuloa IT-hankintojen uudelle aikakaudelle Ota yhteytt√§ 3Step_Logo_white@2x Mechelininkatu 1A 00180 Helsinki, Finland E: 3stepit@3stepit.com T: +358 10 525 3200 RATKAISUMME Teknologian elinkaaren hallinta Vaihe 1: Hankinta Vaihe 2: Hallinta Vaihe 3: Uusinta K√§ytetyt IT-Laitteet LAITEHALLINTA Laitehallintaj√§rjestelm√§ 3CheckIT 3FindIT 3ConnectIT 3ChooseIT MATERIAALIPANKKI Blogikirjoitukset Materiaalipankki Asiakastarinoita ¬© 2021 3stepIT. All rights reserved. Privacy Policy Terms of Service Modern Slavery Statement
9191560;https://www.atea.fi/;Atea Finland Oy;ict,leasing;Siirry sis√§lt√∂√∂nATEA.FIESHOPMY ATEACLOUD PORTAL Ratkaisumme  Tietoa Ateasta  Ura Ateassa  Ota yhteytt√§  InspiroiduHaku Hae sivustoltamme sis√§lt√∂j√§, tuotteita jne. Hae sivustoltamme sis√§lt√∂j√§, tuotteita jne. L√ÑHDE MUKAAN DIGITAALISELLE MATKALLE Rakennamme Suomea tietotekniikalla Voimmeko auttaa? Palvelut ja ratkaisut Haluatko lukea lis√§√§ palveluistamme? Atea eShop Klikkaa ostoksille Atea eShopiin. Asiakaspalvelu Ota yhteytt√§ Atean asiakaspalveluun. Tapahtumat ja webinaarit Tutustu Atean tapahtumiin ja webinaareihin. Atean toimipisteet Etsitk√∂ Atean toimipistett√§? Ura Ateassa Tutustu avoimiin ty√∂paikkoihimme ja atealaisten uratarinoihin. Haluatko auttaa meit√§ parantamaan sivustomme k√§vij√§kokemusta? Arvostaisimme, jos vastaisit sivustomme k√§ytt√∂√§ koskevaan kyselyyn. Kyselyyn vastaaminen vie vain hetkisen. Kiitokset palautteestasi jo etuk√§teen! Uutisia, blogeja ja asiakastarinoita URA ATEASSA Women in IT Path Petra Berg, IT manager. URA ATEASSA Helpdeskist√§ it-strategian kehitt√§j√§ksi Ihmisi√§ ty√∂skentelem√§ss√§ avoimessa toimistotilassa. DIGITAALINEN TY√ñPAIKKA Uuden ty√∂n tila & rakennuspalikat onnistumiseen Kalju, silm√§lasip√§inen mies seisoo mets√§ss√§, tutkii karttaa ja raapii p√§√§t√§√§n. HYBRIDIALUSTAT PILVI JA KONESALI Sovellusalustan toimittaja vailla ymm√§rryst√§ on matkakumppani vailla karttaa Kullanv√§rinen Suomen vaakunaleijona taustallaan hopeanv√§rinen risti. TIETOTURVA Puolustusvoimat uusi Atean yritysturvallisuusselvitystodistuksen Tilaa Atean uutiskirje Ideoita, inspiraatiota ja uusia n√§k√∂kulmia digitalisaation tuomiin mahdollisuuksiin. Osallistu tapahtumiimme 20/10 Merkitt√§vi√§ muutoksia Microsoft CSP -malliin Webinaari 27/10 Merkitt√§vi√§ muutoksia Microsoft CSP -malliin Webinaari 27/10 Opeta luovasti ja monipuolisesti iPadilla Rovaniemi 28/10 Sopivatko Chrome-laitteet yritykselleni? Webinaari Rakennamme Suomea tietotekniikalla Atea on Pohjoismaiden ja Baltian johtava it-infrastruktuuritoimittaja, jonka palveluksessa on 7000 ty√∂ntekij√§√§ 84 paikkakunnalla Norjassa, Ruotsissa, Tanskassa, Suomessa, Liettuassa, Latviassa ja Virossa. Olemme toimineet Suomessa yli 30 vuotta, ja meill√§ on 450 ammattilaista luomassa joustavia ja tuottavia it-ymp√§rist√∂n ratkaisuja ja palveluja. Rakennamme tietotekniikalla Suomeen parempaa ja sujuvampaa huomista. Kest√§v√§sti ja eettisesti, ymp√§rist√∂st√§ ja yhteiskunnasta huolta kantaen. Suomen kartta. Pikalinkit Asiakaspalvelu Uutiset Rekisteriseloste Tietosuojak√§yt√§nt√∂ P√§ivit√§ tietosi Yhteystiedot Puhelin, josta nuoli osoitaa ulos-/eteenp√§in. 010 613 611 (vaihde) Kuulokkeet. 010 613 6401 (asiakaspalvelu) Kirjekuori. customercenter@atea.fi I-kirjain. Kysy palveluistamme Rakennus. Toimipisteet Seuraa Ateaa Linkedin-logo/ikoni. Linkedin Facebook-logo/ikoni. Facebook Twitter-logo/ikoni. Twitter Youtube-logo/ikoni. Youtube Instagram-logo/ikoni. Instagram Atea lyhyesti Atea on Pohjoismaiden ja Baltian johtava it-infrastruktuuritoimittaja, jonka palveluksessa on yhteens√§ noin 7000 ty√∂ntekij√§√§ 84 paikkakunnalla. Suomessa olemme toimineet yli 30 vuotta ja meill√§ on 450 ammattilaista rakentamassa Suomea tietotekniikalla. Your privacy settings
8692881;https://www.almatalent.fi/;Alma Talent Oy;news,software;Alma MEDIAT KIRJAT JA SIS√ÑLT√ñPALVELUT YRITYSTIETO KIINTEIST√ñTIETO TAPAHTUMAT SUORAMARKKINOINTI KOULUTUKSET SHOP Alma Talent - oikea tieto oikeaan aikaan. Me Alma Talentilla ajattelemme ett√§ ty√∂el√§m√§ ei ole jana, vaan jatkuvista valinnoista koostuva mahdollisuuksien kartasto. Polkua voi edet√§ moneen eri suuntaan ja todenn√§k√∂isin reitti lienee se, jota ei osaa ennalta edes n√§hd√§. Sin√§ p√§√§t√§t mit√§ kohti kuljet, me autamme n√§kem√§√§n mahdollisuudet. Aloita kanssamme matka seuraavalle tasolle. Kaikki se media, tieto ja osaamisen kasvu, jonka polullasi tarvitset. Alma Talent Kirjat -kuva Korvat auki n√§et pidemm√§lle Alma Talent Kirjat on Suomen asiallisin sovellus, joka on k√§ytett√§viss√§si ajasta ja paikasta riippumatta ‚Äì juuri silloin, kun sinulla on hetki itsellesi. Sovelluksesta l√∂yd√§t parhaan valikoiman √§√§ni- ja e-kirjoja sek√§ podcasteja keskittyen bisnessis√§lt√∂ihin, asiantuntijuuden syvent√§miseen ja yhteiskunnallisiin aiheisiin. Ota aikaa itsellesi kehittymiseen, uusille ideoille ja ajatuksille. Alma Talent Kirjat - kokeile 14 p√§iv√§√§ veloituksetta at-kuvitus_570x270_mediat Mediat Alma Talent on Suomen johtava talous- ja ammattilaismedioiden julkaisija. Yli 1 150 000 suomenkielist√§ asiantuntijaa, p√§√§tt√§j√§√§, yritt√§j√§√§ ja sijoittajaa lukee Alma Talentin medioita painettuna sek√§ digitaalisena viikoittain. Alma Talent Kirjat -kuva Kirjat Alma Talent on Suomen johtava bisnes- ja juridisen kirjallisuuden kustantaja. Jokaisen kirjan takana on yksi tai useampi ansioitunut, kotimainen asiantuntija. Tietopalvelut -kuva Yritystietopalvelut Yritystietopalveluidemme vahvaa ydint√§ on kattavat, ajantasaiset ja luotettavat tiedot suomalaisista yrityksist√§ ja niiden vastuuhenkil√∂ist√§. Ty√∂kalujemme avulla analysoit muuttuvaa toimintaymp√§rist√∂√§ ja ennakoit muutoksia. Tapahtumat -kuva Tapahtumat Alma Talent on ammattilaisille suunnattujen tapahtumien ja koulutusten palveluntuottaja sek√§ B2B-media. Toimitilat -kuva Kiinteist√∂tietopalvelu Kiinteist√∂tietopalveluista l√∂yd√§t ajantasaiset ja viralliset tiedot asunto- ja kiinteist√∂kauppaan sek√§ alustat digitaalisen kaupank√§yntiin. K√§yt√∂ss√§si on my√∂s monipuolinen karttapalvelu kiinteist√∂jen, rakennusten ja taloyhti√∂iden tarkasteluun eri kartta-aineistojen ja -ty√∂kalujen avulla. at-kuvitus_570x270_tapahtumat Koulutukset Alma Talent kouluttaa asiantuntijoita ja p√§√§tt√§ji√§ liven√§ ja verkossa. Aiheina ovat mm. juridiikka, digitaalisuus, ICT, liiketoiminnan kehitt√§minen, HR, talous, johtaminen, esimiesty√∂ sek√§ markkinointi ja viestint√§. at-kuvitus_570x270_rekry Sis√§lt√∂palvelut Alma Talent tuottaa juridiikan, talouden, esimiesty√∂n ja johtamisen sis√§lt√∂j√§ ammattilaisille. Sis√§lt√∂palveluita ovat Fokus, Suomen Laki, Verkkokirjahylly, Bisneskirjasto ja Sijoituskirjasto. at-kuvitus_570x270_sisaltopalvelut Rekrytointimedia Ty√∂&Ura on asiantuntijat ja johdon tavoittava rekrytointimainonnan kokonaisuus. Toimitilat -kuva Toimitilat Toimitilat Kauppalehti on toimitilojen kysynn√§n ja tarjonnan kohtauspaikka verkossa. at-kuvitus_570x270_suoramarkkinointi Suoramarkkinointi Suoramarkkinointi Mega on erikoistunut tulokselliseen myyntity√∂h√∂n puhelimitse. Lehti√§, kirjoja, kohderyhmi√§, dataa - kaikkea, mit√§ sin√§ ja yrityksesi tarvitsette Mediat kuva Kauppalehti, Talousel√§m√§, Mikrobitti, Fakta, Tekniikka&Talous... Alma Talentin asiakaspalvelun sivuilta voit tilata tuotteitamme - niin printtin√§, digin√§ kuin yhdistelm√§n√§. Ammattilaisen kirjakauppa verkossa shop.almatalent.fi Ammattilaisen verkkokauppa. Aiheina mm. liiketoiminnan kehitt√§minen, johtaminen, taloushallinto ja verotus, sijoittaminen, markkinointi ja myynti, esimiesty√∂ sek√§ eri oikeudenalat. Lue tuorein tieto ja kasva ammattilaisena. Analysaattori jalostaa yritysdataa | Alma Talent Tietopalvelut Analysaattori ‚Äì jalostaa yritysdataa Kerro Analysaattorille, mit√§ haluat tiet√§√§ kilpailijoista, asiakkaista tai yhteisty√∂kumppaneista. Analysaattori tarjoaa vastauksen yhdist√§m√§ll√§ tuoreen virallisen tiedon, yritysten tilinp√§√§t√∂stiedon, Alma Talentin journalistisen sis√§ll√∂n sek√§ sosiaalisen median viestit ainutlaatuiseksi kokonaisuudeksi. Saat sekunneissa k√§ytt√∂kelpoista dataa, jonka etsimiseen k√§sipelill√§ menee jopa p√§ivi√§. jargonmankeli_570x270 Jargonmankeli Keskustelua bisneksest√§ selv√§ll√§ suomella. Mankeloimme pois turhan ammattijargonin podcast-sarjassa Jargonmankeli ‚Äì keskustelua bisneksest√§ selv√§ll√§ suomella. Alma Talentissa tapahtuu - yrityksess√§ ja medioissa. Seuraa! Alma Talent Oy FacebookTwitterLinkedIn Vaihde 010 665 101 Postiosoite PL 189 (toimitus) / PL 830 (hallinto) 00101 Helsinki K√§yntiosoite Alvar Aallon katu 3 C 00100 Helsinki Tietoa meist√§ Asiakaspalvelu Alma Media Oyj K√§ytt√∂ehdot Sopimusehdot Keskustelupalstojen s√§√§nn√∂t ALMA Ajassa Iltalehti.fi ‚Äì Uutiset, urheilu ja viihde Kauppalehti ‚Äì Talousuutiset ja p√∂rssikurssit Talousel√§m√§ ‚Äì Talousuutiset, analyysit ja yrityskaupat Arvopaperi ‚Äì Sijoittajan uutiset, analyysit ja listautumiset Ampparit.com ‚Äì Uutiset, Urheilu ja TV-opas N√ÑYT√Ñ KAIKKI Vapaalla Etuovi.com ‚Äì Myyt√§v√§t asunnot ja sisustus Nettiauto ‚Äì Vaihtoautot, uudet autot ja s√§hk√∂autot Autotalli.com ‚Äì Vaihtoautot, uudet autot ja leasing-autot AutoJerry.fi ‚Äì Autohuollot Iltalehti ‚Äì Uutiset, muoti ja viihde N√ÑYT√Ñ KAIKKI Ty√∂ss√§ Kauppalehti ‚Äì Johtaminen, yritykset ja toimitilat Monster ‚Äì Avoimet ty√∂paikat Tekniikka & Talous ‚Äì Teknologiauutiset ja ilmi√∂t Tivi ‚Äì ICT-uutiset ja -ilmi√∂t Konep√∂rssi ‚Äì Ty√∂koneiden ja kuljetuskaluston erikoislehti N√ÑYT√Ñ KAIKKI ¬© Alma Media Oyj 2021 Tietosuoja Ev√§steasetukset Alma Media yhteystiedot
15243611;https://www.sanoma.fi/;Sanoma Oyj;news,software;MEDIA FINLAND Keit√§ olemme Mit√§ teemme Vastuullisuus Sinulle Ota yhteytt√§ SUOMI Sanoma Media Finland Suomen suurin kaupallinen mediayhti√∂ Kuinka voimme auttaa? Lukijoille ja tilaajille Mainostajille Ty√∂nhakijoille Sijoittajille Oppimateriaaleista kiinnostuneille Tarjoamme tietoa, el√§myksi√§ ja viihdett√§ niin sanoma- ja aikakauslehdiss√§, televisiossa, radiossa, verkossa kuin mobiilissakin ja tavoitamme p√§ivitt√§in l√§hes kaikki suomalaiset. Sanoma Media Finland on osa Sanomaa, joka on kuluttajamedian ja oppimisen eurooppalainen edell√§k√§vij√§. Avainluvut Lis√§tietoja sijoittajille 97 % viikkotavoittavuus Suomessa 563 M‚Ç¨ Liikevaihto 67 M‚Ç¨ Operatiivinen liikevoitto 2052 Ty√∂suhteessa oleva henkil√∂st√∂ keskim√§√§rin (2020) Puolivuosikatsaus 1.1.‚Äì30.6.2021 Kummankin liiketoiminnan liikevaihto ja operatiivinen liikevoitto kasvoivat vahvasti Puolivuosikatsaukseen Tuoreimmat uutiset Kaikki uutiset Usein kysytyt kysymykset liittyen vastuulliseen mediaan 14 lokakuuta 2021 Sanoma Media Finland Vastuullisuus Kuusi SMF:n aikakauslehte√§ kasvatti painetun lehden lukijam√§√§r√§√§ns√§ ‚Äì Me Naiset Suomen suurin aikakausmedia, tavoittaa l√§hes 1,4 miljoonaa 13 lokakuuta 2021 Lehdist√∂tiedotteet Sanoma Media Finland Sanoman rakentama mainosaineistojen seulonta vahvistaa vastuullista markkinointia 7 lokakuuta 2021 Sanoma Media Finland Vastuullisuus Aku Ankka mukana Roosa nauha -kampanjassa ‚Äì jaossa 30 000 maksutonta erikoisnumeroa 1 lokakuuta 2021 Lehdist√∂tiedotteet Sanoma Media Finland Vastuullisuus Kirjoituksia sanomalaisilta Ilta-Sanomat on Suomen luetuin uutismedia ‚ÄùSanoistaan t√§ytyy vastata vaikka kauppajonossa‚Äù ‚Äì Eija Ruoho on nelj√§n paikallislehden p√§√§toimittaja HS keskittyy luontoon ja ymp√§rist√∂√∂n ‚Äì Petja Pelli teemakirjeenvaihtajaksi, Piia Elonen ymp√§rist√∂tuottajaksi Kiinnostaako ty√∂ Suomen kiinnostavimpien br√§ndien parissa? Katso kaikki avoimet ty√∂paikat t√§st√§ Vastuullisuuden kohokohtia 7 x Sustainability - katso, mit√§ ty√∂ntekij√§mme ajattelevat vastuullisuudesta? Olemme sitoutuneet YK:n Kest√§v√§n kehityksen tavoitteisiin ja Global Compact -vastuullisuusaloitteeseen. Katso toimitusjohtaja Susan Duinhovenin esitys Sanoman vastuullisuusstrategiasta -> Jaa Sanoma Media Finland on Suomen suurin kaupallinen mediayhti√∂ SMF tarjoaa tietoa, el√§myksi√§ ja viihdett√§ kaikissa kanavissa ja tavoittaa p√§ivitt√§in l√§hes kaikki suomalaiset. Twitter Facebook LinkedIn Kopioi linkki https://www.sanoma.fi/ MEDIA FINLAND Kuinka voimme auttaa? Etsi sivustolta... Tilaajille Sijoittajille Mainostajille Opettajille Ty√∂nhakijoille Ota yhteytt√§ Keit√§ olemme Tietosuojalauseke Ev√§stek√§yt√§nn√∂t ¬© 2021 Kaikki oikeudet pid√§tet√§√§n